row,symbol,date,time,old_R,bars_old,tag,line_test,status,setup_exact,canonical_r,canonical_r_rounded_2dp,r_delta,canonical_match_old,match_round_1dp,match_round_2dp,side,exit_reason,entry_time_utc,exit_time_utc,entry,stop,target,exit_price
2,ETH,2025-12-24,00:00,-1.0,2.0,,,NOT_CANONICAL_WR_SETUP,False,,,,,,,,,,,,,,
3,BTC,2025-12-19,00:00,2.3,,T+1,Ok,NOT_CANONICAL_WR_SETUP,False,,,,,,,,,,,,,,
4,SUI,2025-12-19,00:00,2.3,4.0,T+1,,CANONICAL_WR_TRADE,True,2.3,2.3,0.0,True,True,True,SHORT,TP,2025-12-18T17:05:00Z,2025-12-18T17:05:00Z,1.4080000000000001,1.4228,1.3739600000000003,1.3739000000000001
5,SOL,2025-12-22,00:10,-1.0,3.0,,,CANONICAL_WR_TRADE,True,-1.0,-1.0,0.0,True,True,True,LONG,SL,2025-12-21T17:15:00Z,2025-12-21T17:25:00Z,126.161,125.869,126.8326,125.869
6,SOL,2025-12-08,00:15,1.3,46.0,,,NOT_CANONICAL_WR_SETUP,False,,,,,,,,,,,,,,
7,BTC,2025-12-03,00:20,-0.2,,,,NOT_CANONICAL_WR_SETUP,False,,,,,,,,,,,,,,
8,SOL,2025-12-03,00:25,-1.0,2.0,,,NOT_CANONICAL_WR_SETUP,False,,,,,,,,,,,,,,
9,BTC,2025-11-26,00:30,-1.0,,,,NOT_CANONICAL_WR_SETUP,False,,,,,,,,,,,,,,
10,DASH,2025-12-18,00:50,-1.0,,,,NOT_CANONICAL_WR_SETUP,False,,,,,,,,,,,,,,
11,SUI,2025-11-30,00:55,-1.0,5.0,,,NOT_CANONICAL_WR_SETUP,False,,,,,,,,,,,,,,
12,SOL,2025-12-12,01:10,0.4,20.0,T+1,,CANONICAL_WR_TRADE,True,2.3,2.3,1.9,False,False,False,LONG,TP,2025-12-11T18:15:00Z,2025-12-11T18:40:00Z,133.501,132.729,135.27659999999997,135.27700000000002
13,XRP,2023-08-02,01:15,2.3,9.0,,,CANONICAL_WR_TRADE,True,-1.0,-1.0,-3.3,False,False,False,LONG,SL,2023-08-01T18:20:00Z,2023-08-01T18:35:00Z,0.6980000000000001,0.6962,0.7021400000000001,0.6962
14,SUI,2025-11-12,01:15,2.3,9.0,,,CANONICAL_WR_TRADE,True,2.3,2.3,0.0,True,True,True,SHORT,TP,2025-11-11T18:20:00Z,2025-11-11T18:25:00Z,2.0662000000000003,2.071,2.0551600000000003,2.0551
15,SUI,2025-11-18,01:15,-1.0,6.0,,,CANONICAL_WR_TRADE,True,-1.0,-1.0,0.0,True,True,True,SHORT,SL,2025-11-17T18:20:00Z,2025-11-17T18:45:00Z,1.6255000000000002,1.6349,1.6038800000000004,1.6349
16,DASH,2025-12-18,01:25,2.3,,,,CANONICAL_WR_TRADE,True,2.3,2.3,0.0,True,True,True,SHORT,TP,2025-12-17T18:30:00Z,2025-12-17T18:35:00Z,39.09,39.25,38.72200000000001,38.72
17,SUI,2025-12-18,01:40,-0.5,13.0,,,NOT_CANONICAL_WR_SETUP,False,,,,,,,,,,,,,,
18,ETH,2025-12-18,01:40,-0.5,19.0,,,NOT_CANONICAL_WR_SETUP,False,,,,,,,,,,,,,,
19,BTC,2025-12-18,01:40,-0.7,,,,NOT_CANONICAL_WR_SETUP,False,,,,,,,,,,,,,,
20,XRP,2023-08-06,01:50,-1.0,4.0,,,NOT_CANONICAL_WR_SETUP,False,,,,,,,,,,,,,,
21,XRP,2025-12-19,02:00,-1.0,1.0,T+1,,NOT_CANONICAL_WR_SETUP,False,,,,,,,,,,,,,,
22,SUI,2025-11-21,02:10,-1.0,9.0,,,NOT_CANONICAL_WR_SETUP,False,,,,,,,,,,,,,,
23,BTC,2025-12-12,02:10,2.3,,T+1,Ok,CANONICAL_WR_TRADE,True,2.3,2.3,0.0,True,True,True,LONG,TP,2025-12-11T19:15:00Z,2025-12-11T19:20:00Z,90756.70000000001,90612.40000000001,91088.59000000003,91088.6
24,XRP,2023-10-11,02:30,-1.0,9.0,,,CANONICAL_WR_TRADE,True,-1.0,-1.0,0.0,True,True,True,LONG,SL,2023-10-10T19:35:00Z,2023-10-10T20:15:00Z,0.49870000000000003,0.4978,0.50077,0.4978
25,XRP,2025-12-20,02:30,-1.0,16.0,,,CANONICAL_WR_TRADE,True,-1.0,-1.0,0.0,True,True,True,LONG,SL,2025-12-19T19:35:00Z,2025-12-19T20:55:00Z,1.9118000000000002,1.9048,1.9279000000000004,1.9048
26,BTC,2025-12-19,02:35,-0.7,,T+1,Ok,CANONICAL_WR_TRADE,True,-0.3272821576763484,-0.33,0.37271784232365157,False,False,False,SHORT,EMA,2025-12-18T19:40:00Z,2025-12-18T21:15:00Z,85113.90000000001,85499.5,84227.02000000003,85240.1
27,SUI,2025-12-19,02:40,-1.0,15.0,T+1,,CANONICAL_WR_TRADE,True,-1.0,-1.0,0.0,True,True,True,SHORT,SL,2025-12-18T19:45:00Z,2025-12-18T21:00:00Z,1.3367,1.3501,1.30588,1.3501
28,ETH,2025-12-19,02:40,-1.0,16.0,T+1,,NOT_CANONICAL_WR_SETUP,False,,,,,,,,,,,,,,
29,SUI,2025-11-24,02:45,-1.0,2.0,,,SETUP_ELIGIBLE_BUT_NO_CANONICAL_TRADE,True,,,,,,,,,,,,,,
30,SOL,2026-01-02,02:45,-1.0,9.0,,Ok,CANONICAL_WR_TRADE,True,-1.0,-1.0,0.0,True,True,True,LONG,SL,2026-01-01T19:50:00Z,2026-01-01T20:30:00Z,125.691,125.509,126.1096,125.509
31,SOL,2025-11-12,02:50,2.3,10.0,,,CANONICAL_WR_TRADE,True,2.3,2.3,0.0,True,True,True,SHORT,TP,2025-11-11T19:55:00Z,2025-11-11T20:05:00Z,157.81900000000002,158.151,157.05540000000002,157.055
32,BTC,2025-12-27,02:55,-1.0,,,,CANONICAL_WR_TRADE,True,-1.0,-1.0,0.0,True,True,True,LONG,SL,2025-12-26T20:00:00Z,2025-12-26T20:00:00Z,87478.3,87377.40000000001,87710.37,87377.40000000001
33,BTC,2025-12-28,03:00,-1.0,,,,CANONICAL_WR_TRADE,True,2.3,2.3,3.3,False,False,False,LONG,TP,2025-12-27T20:05:00Z,2025-12-27T20:05:00Z,87542.5,87522.20000000001,87589.18999999997,87589.20000000001
34,SOL,2026-01-01,03:05,-1.0,4.0,,,CANONICAL_WR_TRADE,True,-1.0,-1.0,0.0,True,True,True,SHORT,SL,2025-12-31T20:10:00Z,2025-12-31T20:25:00Z,124.099,124.301,123.63440000000001,124.301
35,SOL,2025-11-22,03:25,-1.0,4.0,,,CANONICAL_WR_TRADE,True,-1.0,-1.0,0.0,True,True,True,SHORT,SL,2025-11-21T20:30:00Z,2025-11-21T20:45:00Z,126.119,127.171,123.69939999999998,127.171
36,XRP,2025-12-31,03:35,-1.0,5.0,,,CANONICAL_WR_TRADE,True,-1.0,-1.0,0.0,True,True,True,SHORT,SL,2025-12-30T20:40:00Z,2025-12-30T21:00:00Z,1.8681,1.8716000000000002,1.86005,1.8716000000000002
37,BTC,2026-01-01,03:35,-1.0,3.0,,,CANONICAL_WR_TRADE,True,-1.0,-1.0,0.0,True,True,True,SHORT,SL,2025-12-31T20:40:00Z,2025-12-31T20:40:00Z,87299.90000000001,87399.3,87071.28000000003,87399.3
38,SUI,2025-12-24,03:40,-1.0,4.0,,,NOT_CANONICAL_WR_SETUP,False,,,,,,,,,,,,,,
39,XRP,2023-08-12,03:45,-1.0,10.0,,,CANONICAL_WR_TRADE,True,-1.0,-1.0,0.0,True,True,True,LONG,SL,2023-08-11T20:50:00Z,2023-08-11T21:40:00Z,0.6317,0.6309,0.6335400000000001,0.6309
40,SUI,2025-11-26,03:45,-1.0,11.0,,,NOT_CANONICAL_WR_SETUP,False,,,,,,,,,,,,,,
41,XRP,2025-12-12,04:00,2.3,6.0,T+1,,CANONICAL_WR_TRADE,True,2.3,2.3,0.0,True,True,True,LONG,TP,2025-12-11T21:05:00Z,2025-12-11T21:15:00Z,2.0305,2.0224,2.0491299999999995,2.0492
42,SOL,2025-12-28,04:10,2.3,13.0,,,NOT_CANONICAL_WR_SETUP,False,,,,,,,,,,,,,,
43,SUI,2025-11-21,04:15,2.3,15.0,,,CANONICAL_WR_TRADE,True,2.3,2.3,0.0,True,True,True,LONG,TP,2025-11-20T21:20:00Z,2025-11-20T21:45:00Z,1.52,1.5116,1.53932,1.5394
44,BTC,2025-11-20,04:15,2.3,,,,CANONICAL_WR_TRADE,True,2.3,2.3,0.0,True,True,True,LONG,TP,2025-11-19T21:20:00Z,2025-11-19T21:20:00Z,89892.20000000001,89639.90000000001,90472.49000000002,90472.5
45,SOL,2025-12-04,04:20,2.3,7.0,,,NOT_CANONICAL_WR_SETUP,False,,,,,,,,,,,,,,
46,BTC,2025-12-02,04:20,-0.2,,,,NOT_CANONICAL_WR_SETUP,False,,,,,,,,,,,,,,
47,SOL,2025-12-16,04:30,-1.0,3.0,,,CANONICAL_WR_TRADE,True,-1.0,-1.0,0.0,True,True,True,LONG,SL,2025-12-15T21:35:00Z,2025-12-15T21:40:00Z,125.911,125.639,126.53660000000002,125.639
48,SOL,2025-12-31,04:35,-1.0,1.0,,,CANONICAL_WR_TRADE,True,-1.0,-1.0,0.0,True,True,True,SHORT,SL,2025-12-30T21:40:00Z,2025-12-30T21:45:00Z,123.57900000000001,123.861,122.93040000000002,123.861
49,SUI,2025-11-19,04:40,-1.0,6.0,,,CANONICAL_WR_TRADE,True,-1.0,-1.0,0.0,True,True,True,SHORT,SL,2025-11-18T21:45:00Z,2025-11-18T22:05:00Z,1.6658000000000002,1.6695,1.6572900000000006,1.6695
50,SUI,2025-12-10,04:45,-1.0,3.0,,,NOT_CANONICAL_WR_SETUP,False,,,,,,,,,,,,,,
51,XRP,2025-12-10,04:50,-1.0,1.0,,,CANONICAL_WR_TRADE,True,-1.0,-1.0,0.0,True,True,True,SHORT,SL,2025-12-09T21:55:00Z,2025-12-09T21:55:00Z,2.0881000000000003,2.0988,2.0634900000000003,2.0988
52,XRP,2023-08-14,04:55,2.3,5.0,,,CANONICAL_WR_TRADE,True,2.3,2.3,0.0,True,True,True,SHORT,TP,2023-08-13T22:00:00Z,2023-08-13T22:20:00Z,0.6297,0.6309,0.62694,0.6269
53,SUI,2025-11-07,05:15,-1.0,2.0,,Hit,CANONICAL_WR_TRADE,True,-1.0,-1.0,0.0,True,True,True,LONG,SL,2025-11-06T22:20:00Z,2025-11-06T22:25:00Z,1.9826000000000001,1.9744000000000002,2.0014600000000002,1.9744000000000002
54,BTC,2025-12-24,05:25,-1.0,,,,CANONICAL_WR_TRADE,True,-1.0,-1.0,0.0,True,True,True,SHORT,SL,2025-12-23T22:30:00Z,2025-12-23T22:40:00Z,87374.90000000001,87580.3,86902.48000000003,87580.3
55,BTC,2025-12-15,05:30,-1.0,,,,NOT_CANONICAL_WR_SETUP,False,,,,,,,,,,,,,,
56,ETH,2025-12-29,05:35,2.3,3.0,,,CANONICAL_WR_TRADE,True,2.3,2.3,0.0,True,True,True,LONG,TP,2025-12-28T22:40:00Z,2025-12-28T22:45:00Z,2941.57,2937.98,2949.8270000000007,2949.83
57,XRP,2023-08-15,05:40,-0.7,17.0,,,NOT_CANONICAL_WR_SETUP,False,,,,,,,,,,,,,,
58,XRP,2023-10-12,05:55,2.3,1.0,,,NOT_CANONICAL_WR_SETUP,False,,,,,,,,,,,,,,
59,BTC,2025-11-20,06:05,1.55,,,,NOT_CANONICAL_WR_SETUP,False,,,,,,,,,,,,,,
60,ETH,2025-11-20,06:05,-0.3,22.0,,,NOT_CANONICAL_WR_SETUP,False,,,,,,,,,,,,,,
61,SUI,2025-11-20,06:05,1.0,51.0,,,NOT_CANONICAL_WR_SETUP,False,,,,,,,,,,,,,,
62,DASH,2025-12-05,06:10,2.3,,,,NOT_CANONICAL_WR_SETUP,False,,,,,,,,,,,,,,
63,DASH,2025-11-26,06:30,2.3,,,,NOT_CANONICAL_WR_SETUP,False,,,,,,,,,,,,,,
64,SOL,2025-12-03,07:15,-1.0,5.0,Zone 1,,SETUP_ELIGIBLE_BUT_NO_CANONICAL_TRADE,True,,,,,,,,,,,,,,
65,BTC,2025-12-11,07:15,2.3,,,,CANONICAL_WR_TRADE,True,2.3,2.3,0.0,True,True,True,SHORT,TP,2025-12-11T00:20:00Z,2025-12-11T00:35:00Z,91830.5,91998.6,91443.86999999998,91443.8
66,ETH,2025-12-11,07:20,2.3,3.0,Zone 1,,CANONICAL_WR_TRADE,True,2.3,2.3,0.0,True,True,True,SHORT,TP,2025-12-11T00:25:00Z,2025-12-11T00:30:00Z,3311.56,3318.9500000000003,3294.562999999999,3294.56
67,XRP,2025-12-19,07:20,0.7,25.0,T+1,,NOT_CANONICAL_WR_SETUP,False,,,,,,,,,,,,,,
68,SUI,2025-12-25,07:25,-1.0,2.0,Zone 1,,CANONICAL_WR_TRADE,True,-1.0,-1.0,0.0,True,True,True,SHORT,SL,2025-12-25T00:30:00Z,2025-12-25T00:30:00Z,1.411,1.4143000000000001,1.4034099999999998,1.4143000000000001
69,SUI,2025-12-11,07:30,2.3,9.0,Zone 1,,CANONICAL_WR_TRADE,True,2.3,2.3,0.0,True,True,True,SHORT,TP,2025-12-11T00:35:00Z,2025-12-11T01:00:00Z,1.5963,1.6074000000000002,1.5707699999999998,1.5707
70,ETH,2025-12-23,07:30,-1.0,13.0,Zone 1,,NOT_CANONICAL_WR_SETUP,False,,,,,,,,,,,,,,
71,SOL,2025-12-11,07:35,2.3,31.0,Zone 1,,NOT_CANONICAL_WR_SETUP,False,,,,,,,,,,,,,,
72,BTC,2025-12-10,07:55,-1.0,,,,CANONICAL_WR_TRADE,True,-1.0,-1.0,0.0,True,True,True,SHORT,SL,2025-12-10T01:00:00Z,2025-12-10T01:15:00Z,92081.90000000001,92269.40000000001,91650.65000000001,92269.40000000001
73,SOL,2026-01-01,08:00,-1.0,7.0,,,CANONICAL_WR_TRADE,True,2.3,2.3,3.3,False,False,False,LONG,TP,2026-01-01T01:05:00Z,2026-01-01T01:15:00Z,125.251,125.059,125.69260000000003,125.693
74,BTC,2026-01-01,08:05,-1.0,6.0,,,NOT_CANONICAL_WR_SETUP,False,,,,,,,,,,,,,,
75,ETH,2026-01-01,08:10,-1.0,3.0,,,CANONICAL_WR_TRADE,True,-1.0,-1.0,0.0,True,True,True,LONG,SL,2026-01-01T01:15:00Z,2026-01-01T01:20:00Z,2985.78,2982.19,2994.0370000000007,2982.19
76,SUI,2025-11-03,08:25,2.3,12.0,,,CANONICAL_WR_TRADE,True,2.3,2.3,0.0,True,True,True,SHORT,TP,2025-11-03T01:30:00Z,2025-11-03T02:05:00Z,2.3022,2.3105,2.2831099999999998,2.2831
77,XRP,2025-11-23,08:25,2.3,3.0,,,CANONICAL_WR_TRADE,True,2.3,2.3,0.0,True,True,True,LONG,TP,2025-11-23T01:30:00Z,2025-11-23T01:35:00Z,1.973,1.9640000000000002,1.9936999999999998,1.9937
78,BTC,2025-12-03,08:45,2.3,,,,NOT_CANONICAL_WR_SETUP,False,,,,,,,,,,,,,,
79,SOL,2025-11-15,08:50,-1.0,2.0,,,NOT_CANONICAL_WR_SETUP,False,,,,,,,,,,,,,,
80,BTC,2025-12-26,09:15,-0.7,,,,NOT_CANONICAL_WR_SETUP,False,,,,,,,,,,,,,,
81,XRP,2023-10-11,09:20,2.3,2.0,,,NOT_CANONICAL_WR_SETUP,False,,,,,,,,,,,,,,
82,SOL,2025-12-26,09:20,-1.0,11.0,,,NOT_CANONICAL_WR_SETUP,False,,,,,,,,,,,,,,
83,ETH,2025-12-26,09:20,-1.0,10.0,,,NOT_CANONICAL_WR_SETUP,False,,,,,,,,,,,,,,
84,XRP,2023-08-18,09:25,2.3,3.0,,,NOT_CANONICAL_WR_SETUP,False,,,,,,,,,,,,,,
85,XRP,2023-10-21,09:30,-1.0,7.0,,,CANONICAL_WR_TRADE,True,-1.0,-1.0,0.0,True,True,True,SHORT,SL,2023-10-21T02:35:00Z,2023-10-21T03:00:00Z,0.5111,0.5123,0.50834,0.5123
86,BTC,2025-11-21,09:40,-0.7,,,,NOT_CANONICAL_WR_SETUP,False,,,,,,,,,,,,,,
87,SUI,2025-11-05,09:50,-0.2,19.0,,,CANONICAL_WR_TRADE,True,-0.01875000000001154,-0.02,0.18124999999998848,False,False,False,LONG,EMA,2025-11-05T02:55:00Z,2025-11-05T04:25:00Z,2.0075000000000003,1.9915,2.0443000000000007,2.0072
88,XRP,2025-11-21,09:50,-1.0,3.0,,,NOT_CANONICAL_WR_SETUP,False,,,,,,,,,,,,,,
89,ETH,2025-11-21,09:50,-1.0,24.0,,,NOT_CANONICAL_WR_SETUP,False,,,,,,,,,,,,,,
90,XRP,2023-08-21,10:10,2.3,15.0,Zone 1,,CANONICAL_WR_TRADE,True,2.3,2.3,0.0,True,True,True,SHORT,TP,2023-08-21T03:15:00Z,2023-08-21T04:25:00Z,0.5322,0.5342,0.5276,0.5276000000000001
91,SOL,2025-12-03,10:10,2.3,14.0,Zone 1,,CANONICAL_WR_TRADE,True,2.3,2.3,0.0,True,True,True,LONG,TP,2025-12-03T03:15:00Z,2025-12-03T04:20:00Z,140.131,139.849,140.77960000000002,140.78
92,XRP,2025-12-29,10:25,2.3,3.0,Zone 1,,CANONICAL_WR_TRADE,True,2.3,2.3,0.0,True,True,True,LONG,TP,2025-12-29T03:30:00Z,2025-12-29T03:30:00Z,1.8991,1.8956000000000002,1.9071499999999997,1.9072
93,SUI,2025-12-29,10:35,-0.7,17.0,Zone 1,,NOT_CANONICAL_WR_SETUP,False,,,,,,,,,,,,,,
94,ETH,2025-12-29,10:35,-0.2,17.0,Zone 1,,NOT_CANONICAL_WR_SETUP,False,,,,,,,,,,,,,,
95,SUI,2025-11-24,11:05,-1.0,2.0,Zone 1,,NOT_CANONICAL_WR_SETUP,False,,,,,,,,,,,,,,
96,XRP,2025-11-23,11:15,-1.0,13.0,Zone 1,,CANONICAL_WR_TRADE,True,-0.7867647058823576,-0.79,0.21323529411764242,False,False,False,LONG,EMA,2025-11-23T04:20:00Z,2025-11-23T05:20:00Z,2.0594,2.0458000000000003,2.09068,2.0487
97,SUI,2025-12-17,11:15,-0.2,20.0,T+1,,NOT_CANONICAL_WR_SETUP,False,,,,,,,,,,,,,,
98,XRP,2025-12-14,11:20,2.3,5.0,Zone 1,,CANONICAL_WR_TRADE,True,2.3,2.3,0.0,True,True,True,SHORT,TP,2025-12-14T04:25:00Z,2025-12-14T04:45:00Z,2.0201000000000002,2.0223,2.015040000000001,2.015
99,BTC,2025-12-17,11:25,2.3,,T+1,Ok,NOT_CANONICAL_WR_SETUP,False,,,,,,,,,,,,,,
100,XRP,2023-10-13,11:25,-1.0,3.0,Zone 1,,CANONICAL_WR_TRADE,True,-1.0,-1.0,0.0,True,True,True,SHORT,SL,2023-10-13T04:30:00Z,2023-10-13T04:40:00Z,0.4817,0.48250000000000004,0.47985999999999995,0.48250000000000004
101,SOL,2025-11-14,11:30,-1.0,15.0,T+1,,NOT_CANONICAL_WR_SETUP,False,,,,,,,,,,,,,,
102,ETH,2025-12-03,11:30,2.3,22.0,Zone 1,,CANONICAL_WR_TRADE,True,2.3,2.3,0.0,True,True,True,LONG,TP,2025-12-03T04:35:00Z,2025-12-03T06:00:00Z,3049.91,3041.3,3069.7129999999993,3069.7200000000003
103,ETH,2025-12-17,11:30,-0.3,15.0,T+1,,NOT_CANONICAL_WR_SETUP,False,,,,,,,,,,,,,,
104,SUI,2025-12-02,11:35,-1.0,6.0,Zone 1,,CANONICAL_WR_TRADE,True,-1.0,-1.0,0.0,True,True,True,LONG,SL,2025-12-02T04:40:00Z,2025-12-02T05:05:00Z,1.3585,1.3522,1.37299,1.3522
105,XRP,2025-11-11,11:40,2.3,13.0,Zone 1,,CANONICAL_WR_TRADE,True,2.3,2.3,0.0,True,True,True,SHORT,TP,2025-11-11T04:45:00Z,2025-11-11T05:30:00Z,2.5053,2.5155000000000003,2.4818399999999996,2.4818000000000002
106,ETH,2025-11-11,12:10,-1.0,2.0,Zone 1,,CANONICAL_WR_TRADE,True,-1.0,-1.0,0.0,True,True,True,SHORT,SL,2025-11-11T05:15:00Z,2025-11-11T05:20:00Z,3555.9900000000002,3567.59,3529.3100000000004,3567.59
107,SUI,2025-11-04,12:15,2.3,6.0,Zone 1,,NOT_CANONICAL_WR_SETUP,False,,,,,,,,,,,,,,
108,XRP,2025-12-20,12:15,2.3,4.0,Zone 1,,NOT_CANONICAL_WR_SETUP,False,,,,,,,,,,,,,,
109,BTC,2025-12-04,12:15,-0.7,,,,NOT_CANONICAL_WR_SETUP,False,,,,,,,,,,,,,,
110,DASH,2025-11-26,12:20,-0.7,,,,NOT_CANONICAL_WR_SETUP,False,,,,,,,,,,,,,,
111,XRP,2023-10-26,12:45,-0.7,10.0,,,CANONICAL_WR_TRADE,True,-0.29411764705880433,-0.29,0.4058823529411956,False,False,False,SHORT,EMA,2023-10-26T05:50:00Z,2023-10-26T06:40:00Z,0.5519000000000001,0.5536,0.5479900000000002,0.5524
112,XRP,2023-10-20,12:55,-1.0,10.0,,Hit,CANONICAL_WR_TRADE,True,-1.0,-1.0,0.0,True,True,True,SHORT,SL,2023-10-20T06:00:00Z,2023-10-20T06:55:00Z,0.5109,0.5123,0.5076800000000001,0.5123
113,XRP,2023-10-13,13:10,-1.0,11.0,,,CANONICAL_WR_TRADE,True,-1.0,-1.0,0.0,True,True,True,SHORT,SL,2023-10-13T06:15:00Z,2023-10-13T07:05:00Z,0.48000000000000004,0.4808,0.47816000000000014,0.4808
114,XRP,2023-10-06,13:35,-1.0,13.0,,,NOT_CANONICAL_WR_SETUP,False,,,,,,,,,,,,,,
115,SUI,2025-12-19,13:35,2.3,6.0,T+1,,CANONICAL_WR_TRADE,True,2.3,2.3,0.0,True,True,True,LONG,TP,2025-12-19T06:40:00Z,2025-12-19T07:00:00Z,1.3976000000000002,1.3903,1.4143900000000005,1.4144
116,XRP,2026-01-03,13:40,2.3,8.0,,Ok,CANONICAL_WR_TRADE,True,2.3,2.3,0.0,True,True,True,SHORT,TP,2026-01-03T06:45:00Z,2026-01-03T07:15:00Z,2.0169,2.0231,2.002640000000001,2.0026
117,ETH,2025-12-19,13:55,-0.7,18.0,T+1,,NOT_CANONICAL_WR_SETUP,False,,,,,,,,,,,,,,
118,XRP,2023-08-18,14:00,-1.0,6.0,Zone 2,,NOT_CANONICAL_WR_SETUP,False,,,,,,,,,,,,,,
119,XRP,2025-11-23,14:00,-0.7,13.0,Zone 2,,CANONICAL_WR_TRADE,True,-0.40425531914892615,-0.4,0.2957446808510738,False,False,False,SHORT,EMA,2025-11-23T07:05:00Z,2025-11-23T08:05:00Z,2.0305,2.0399000000000003,2.008879999999999,2.0343
120,XRP,2025-12-07,14:05,2.3,6.0,Zone 2,,NOT_CANONICAL_WR_SETUP,False,,,,,,,,,,,,,,
121,SOL,2025-11-21,14:15,2.3,3.0,Zone 2,,CANONICAL_WR_TRADE,True,2.3,2.3,0.0,True,True,True,SHORT,TP,2025-11-21T07:20:00Z,2025-11-21T07:30:00Z,129.679,130.501,127.7884,127.788
122,ETH,2025-11-21,14:15,2.3,3.0,Zone 2,,NOT_CANONICAL_WR_SETUP,False,,,,,,,,,,,,,,
123,XRP,2025-12-29,14:15,-1.0,4.0,Zone 2,,CANONICAL_WR_TRADE,True,-1.0,-1.0,0.0,True,True,True,SHORT,SL,2025-12-29T07:20:00Z,2025-12-29T07:35:00Z,1.8929,1.8982,1.8807099999999999,1.8982
124,SOL,2026-01-01,14:15,2.3,9.0,Zone 2,,CANONICAL_WR_TRADE,True,2.3,2.3,0.0,True,True,True,SHORT,TP,2026-01-01T07:20:00Z,2026-01-01T07:45:00Z,124.709,124.851,124.38240000000002,124.382
125,BTC,2025-11-21,14:20,2.3,,,,SETUP_ELIGIBLE_BUT_NO_CANONICAL_TRADE,True,,,,,,,,,,,,,,
126,XRP,2025-11-10,14:35,-1.0,12.0,Zone 2,,CANONICAL_WR_TRADE,True,-0.8500000000000166,-0.85,0.14999999999998337,False,False,False,LONG,EMA,2025-11-10T07:40:00Z,2025-11-10T08:35:00Z,2.4803,2.4683,2.5079000000000002,2.4701
127,SUI,2025-11-02,14:40,-1.0,10.0,Zone 2,,CANONICAL_WR_TRADE,True,-0.7027027027027384,-0.7,0.2972972972972616,False,False,False,LONG,EMA,2025-11-02T07:45:00Z,2025-11-02T08:40:00Z,2.3835,2.3761,2.40052,2.3783
128,SUI,2025-11-30,14:45,2.3,7.0,Zone 2,,NOT_CANONICAL_WR_SETUP,False,,,,,,,,,,,,,,
129,XRP,2023-08-11,15:25,-1.0,5.0,,,NOT_CANONICAL_WR_SETUP,False,,,,,,,,,,,,,,
130,XRP,2025-11-18,15:30,-1.0,10.0,,,NOT_CANONICAL_WR_SETUP,False,,,,,,,,,,,,,,
131,BTC,2025-11-25,15:45,-0.7,,,,NOT_CANONICAL_WR_SETUP,False,,,,,,,,,,,,,,
132,XRP,2023-10-18,15:45,-1.0,7.0,,,NOT_CANONICAL_WR_SETUP,False,,,,,,,,,,,,,,
133,SUI,2025-11-01,15:50,-1.0,2.0,,,CANONICAL_WR_TRADE,True,-1.0,-1.0,0.0,True,True,True,LONG,SL,2025-11-01T08:55:00Z,2025-11-01T08:55:00Z,2.3914,2.3849,2.4063499999999998,2.3849
134,ETH,2025-12-05,16:05,2.3,3.0,Zone 2,Ok,CANONICAL_WR_TRADE,True,2.3,2.3,0.0,True,True,True,SHORT,TP,2025-12-05T09:10:00Z,2025-12-05T09:15:00Z,3144.02,3151.6,3126.5860000000002,3126.58
135,XRP,2025-12-10,16:05,-1.0,4.0,Zone 2,Ok,CANONICAL_WR_TRADE,True,-1.0,-1.0,0.0,True,True,True,SHORT,SL,2025-12-10T09:10:00Z,2025-12-10T09:30:00Z,2.0731,2.0755,2.067580000000001,2.0755
136,BTC,2025-11-27,16:15,-1.0,,,,NOT_CANONICAL_WR_SETUP,False,,,,,,,,,,,,,,
137,XRP,2025-11-26,16:20,2.3,32.0,Zone 2,Ok,CANONICAL_WR_TRADE,True,2.3,2.3,0.0,True,True,True,SHORT,TP,2025-11-26T09:25:00Z,2025-11-26T12:00:00Z,2.1791,2.1852,2.16507,2.165
138,DASH,2025-12-05,16:25,-1.0,,,,NOT_CANONICAL_WR_SETUP,False,,,,,,,,,,,,,,
139,ETH,2025-12-29,16:30,2.3,32.0,Zone 2,Ok,NOT_CANONICAL_WR_SETUP,False,,,,,,,,,,,,,,
140,XRP,2025-11-20,16:35,-1.0,4.0,Zone 2,Ok,CANONICAL_WR_TRADE,True,-1.0,-1.0,0.0,True,True,True,SHORT,SL,2025-11-20T09:40:00Z,2025-11-20T09:50:00Z,2.1159,2.1191,2.1085399999999996,2.1191
141,ETH,2026-01-02,16:40,2.3,7.0,Zone 2,Ok,CANONICAL_WR_TRADE,True,2.3,2.3,0.0,True,True,True,LONG,TP,2026-01-02T09:45:00Z,2026-01-02T10:05:00Z,3043.71,3037.04,3059.0510000000004,3059.06
142,BTC,2025-11-26,16:45,-1.0,,,,CANONICAL_WR_TRADE,True,-1.0,-1.0,0.0,True,True,True,SHORT,SL,2025-11-26T09:50:00Z,2025-11-26T10:00:00Z,86773.90000000001,86941.6,86388.19000000002,86941.6
143,SUI,2025-11-26,16:45,2.3,10.0,Zone 2,,NOT_CANONICAL_WR_SETUP,False,,,,,,,,,,,,,,
144,SUI,2025-12-26,16:45,-1.0,7.0,Zone 2,,NOT_CANONICAL_WR_SETUP,False,,,,,,,,,,,,,,
145,XRP,2025-12-23,17:00,2.3,23.0,Zone 2,Ok,NOT_CANONICAL_WR_SETUP,False,,,,,,,,,,,,,,
146,BTC,2025-12-31,17:10,-1.0,2.0,,,NOT_CANONICAL_WR_SETUP,False,,,,,,,,,,,,,,
147,ETH,2025-12-18,17:15,-1.0,10.0,,Ok,CANONICAL_WR_TRADE,True,-0.7582417582417879,-0.76,0.24175824175821214,False,False,False,LONG,EMA,2025-12-18T10:20:00Z,2025-12-18T11:05:00Z,2856.01,2851.46,2866.475000000001,2852.56
148,BTC,2025-12-20,17:20,-1.0,,,,NOT_CANONICAL_WR_SETUP,False,,,,,,,,,,,,,,
149,SOL,2025-11-12,17:20,2.3,9.0,,Ok,NOT_CANONICAL_WR_SETUP,False,,,,,,,,,,,,,,
150,SUI,2025-11-02,17:25,-1.0,6.0,,,CANONICAL_WR_TRADE,True,-1.0,-1.0,0.0,True,True,True,SHORT,SL,2025-11-02T10:30:00Z,2025-11-02T11:00:00Z,2.3417,2.3516,2.31893,2.3516
151,BTC,2025-11-26,17:30,-1.0,,,,NOT_CANONICAL_WR_SETUP,False,,,,,,,,,,,,,,
152,DASH,2025-12-16,17:35,1.0,,,,NOT_CANONICAL_WR_SETUP,False,,,,,,,,,,,,,,
153,XRP,2023-10-16,17:35,-1.0,6.0,,,CANONICAL_WR_TRADE,True,-1.0,-1.0,0.0,True,True,True,LONG,SL,2023-10-16T10:40:00Z,2023-10-16T11:00:00Z,0.4944,0.49360000000000004,0.4962399999999999,0.49360000000000004
154,XRP,2023-10-25,17:35,2.3,4.0,,,NOT_CANONICAL_WR_SETUP,False,,,,,,,,,,,,,,
155,SUI,2025-12-22,17:35,-1.0,2.0,,,CANONICAL_WR_TRADE,True,-1.0,-1.0,0.0,True,True,True,LONG,SL,2025-12-22T10:40:00Z,2025-12-22T10:45:00Z,1.4749,1.4702000000000002,1.4857099999999999,1.4702000000000002
156,SUI,2025-12-01,17:55,2.3,8.0,,,NOT_CANONICAL_WR_SETUP,False,,,,,,,,,,,,,,
157,XRP,2025-11-22,18:00,-1.0,1.0,,,CANONICAL_WR_TRADE,True,-1.0,-1.0,0.0,True,True,True,SHORT,SL,2025-11-22T11:05:00Z,2025-11-22T11:05:00Z,1.8949,1.9031,1.8760400000000002,1.9031
158,BTC,2025-12-29,18:00,2.3,13.0,,,CANONICAL_WR_TRADE,True,-1.0,-1.0,-3.3,False,False,False,SHORT,SL,2025-12-29T11:05:00Z,2025-12-29T11:10:00Z,87625.8,87747.3,87346.35,87747.3
159,BTC,2025-12-24,18:05,-1.0,,,,NOT_CANONICAL_WR_SETUP,False,,,,,,,,,,,,,,
160,SUI,2025-12-24,18:05,-1.0,11.0,,,CANONICAL_WR_TRADE,True,-1.0,-1.0,0.0,True,True,True,LONG,SL,2025-12-24T11:10:00Z,2025-12-24T11:30:00Z,1.4152,1.4104,1.4262399999999997,1.4104
161,XRP,2025-11-29,18:10,2.3,6.0,,,NOT_CANONICAL_WR_SETUP,False,,,,,,,,,,,,,,
162,SOL,2025-12-28,18:10,-1.0,2.0,,,SETUP_ELIGIBLE_BUT_NO_CANONICAL_TRADE,True,,,,,,,,,,,,,,
163,ETH,2025-12-14,18:30,2.3,3.0,,,NOT_CANONICAL_WR_SETUP,False,,,,,,,,,,,,,,
164,XRP,2025-12-15,18:35,2.3,17.0,,,NOT_CANONICAL_WR_SETUP,False,,,,,,,,,,,,,,
165,XRP,2023-08-13,18:40,-1.0,3.0,,,NOT_CANONICAL_WR_SETUP,False,,,,,,,,,,,,,,
166,SOL,2025-12-14,18:40,-1.0,1.0,,,NOT_CANONICAL_WR_SETUP,False,,,,,,,,,,,,,,
167,SUI,2025-12-16,18:55,-1.0,10.0,,,NOT_CANONICAL_WR_SETUP,False,,,,,,,,,,,,,,
168,BTC,2025-12-17,19:00,-1.0,,T+1,Ok,NOT_CANONICAL_WR_SETUP,False,,,,,,,,,,,,,,
169,XRP,2023-08-28,19:05,2.3,4.0,,,NOT_CANONICAL_WR_SETUP,False,,,,,,,,,,,,,,
170,SUI,2025-12-29,19:05,-1.0,29.0,,,NOT_CANONICAL_WR_SETUP,False,,,,,,,,,,,,,,
171,ETH,2025-11-23,19:10,-0.3,12.0,,,NOT_CANONICAL_WR_SETUP,False,,,,,,,,,,,,,,
172,SOL,2025-11-26,19:10,-1.0,14.0,,,CANONICAL_WR_TRADE,True,-1.0,-1.0,0.0,True,True,True,SHORT,SL,2025-11-26T12:15:00Z,2025-11-26T13:20:00Z,135.749,136.251,134.59439999999998,136.251
173,BTC,2025-12-24,19:35,-1.0,,,,SETUP_ELIGIBLE_BUT_NO_CANONICAL_TRADE,True,,,,,,,,,,,,,,
174,SUI,2025-11-17,20:05,2.3,5.0,,,NOT_CANONICAL_WR_SETUP,False,,,,,,,,,,,,,,
175,SUI,2025-11-22,20:05,-1.0,2.0,,,NOT_CANONICAL_WR_SETUP,False,,,,,,,,,,,,,,
176,SUI,2025-12-20,20:05,-0.2,19.0,,,NOT_CANONICAL_WR_SETUP,False,,,,,,,,,,,,,,
177,SUI,2025-12-19,20:10,-1.0,4.0,T+1,,NOT_CANONICAL_WR_SETUP,False,,,,,,,,,,,,,,
178,XRP,2023-08-02,20:20,2.3,9.0,,,NOT_CANONICAL_WR_SETUP,False,,,,,,,,,,,,,,
179,XRP,2025-11-13,20:30,-1.0,12.0,,,NOT_CANONICAL_WR_SETUP,False,,,,,,,,,,,,,,
180,BTC,2025-12-05,20:35,-1.0,,,,NOT_CANONICAL_WR_SETUP,False,,,,,,,,,,,,,,
181,XRP,2023-08-31,21:00,-0.7,11.0,,,CANONICAL_WR_TRADE,True,2.3,2.3,3.0,False,False,False,SHORT,TP,2023-08-31T14:05:00Z,2023-08-31T14:05:00Z,0.522,0.5232,0.51924,0.5192
182,SUI,2025-12-14,21:00,-1.0,3.0,,,CANONICAL_WR_TRADE,True,-1.0,-1.0,0.0,True,True,True,LONG,SL,2025-12-14T14:05:00Z,2025-12-14T14:10:00Z,1.6379000000000001,1.6261,1.6650400000000003,1.6261
183,XRP,2023-10-22,21:05,-1.0,2.0,,,CANONICAL_WR_TRADE,True,-1.0,-1.0,0.0,True,True,True,LONG,SL,2023-10-22T14:10:00Z,2023-10-22T14:20:00Z,0.5185000000000001,0.5174,0.5210300000000003,0.5174
184,SOL,2025-11-13,21:05,-1.0,9.0,,Ok,CANONICAL_WR_TRADE,True,-1.0,-1.0,0.0,True,True,True,SHORT,SL,2025-11-13T14:10:00Z,2025-11-13T14:50:00Z,153.25900000000001,154.001,151.55240000000003,154.001
185,XRP,2026-01-01,21:05,-1.0,3.0,,Hit,NOT_CANONICAL_WR_SETUP,False,,,,,,,,,,,,,,
186,SUI,2025-11-04,21:10,-1.0,4.0,,,CANONICAL_WR_TRADE,True,-1.0,-1.0,0.0,True,True,True,SHORT,SL,2025-11-04T14:15:00Z,2025-11-04T14:30:00Z,2.012,2.0217,1.98969,2.0217
187,XRP,2025-12-07,21:15,2.3,2.0,,Ok,NOT_CANONICAL_WR_SETUP,False,,,,,,,,,,,,,,
188,XRP,2023-08-14,21:25,-1.0,7.0,,,NOT_CANONICAL_WR_SETUP,False,,,,,,,,,,,,,,
189,ETH,2026-01-03,21:35,-1.0,1.0,,Hit,CANONICAL_WR_TRADE,True,-1.0,-1.0,0.0,True,True,True,LONG,SL,2026-01-03T14:40:00Z,2026-01-03T14:40:00Z,3110.12,3105.9500000000003,3119.710999999999,3105.9500000000003
190,XRP,2023-08-27,21:45,-1.0,4.0,,Hit,CANONICAL_WR_TRADE,True,-1.0,-1.0,0.0,True,True,True,LONG,SL,2023-08-27T14:50:00Z,2023-08-27T15:05:00Z,0.5295,0.5283,0.53226,0.5283
191,BTC,2025-12-01,22:35,-1.0,,,,CANONICAL_WR_TRADE,True,-1.0,-1.0,0.0,True,True,True,SHORT,SL,2025-12-01T15:40:00Z,2025-12-01T15:50:00Z,84349.90000000001,84747.6,83435.19000000002,84747.6
192,XRP,2025-11-20,22:55,2.3,3.0,Zone 3,Ok,CANONICAL_WR_TRADE,True,2.3,2.3,0.0,True,True,True,SHORT,TP,2025-11-20T16:00:00Z,2025-11-20T16:10:00Z,2.0816,2.0953,2.05009,2.0500000000000003
193,SOL,2025-11-24,22:55,2.3,8.0,Zone 3,Ok,CANONICAL_WR_TRADE,True,2.3,2.3,0.0,True,True,True,LONG,TP,2025-11-24T16:00:00Z,2025-11-24T16:25:00Z,131.941,131.469,133.02660000000003,133.02700000000002
194,SUI,2025-11-24,22:55,2.3,5.0,Zone 3,,CANONICAL_WR_TRADE,True,2.3,2.3,0.0,True,True,True,LONG,TP,2025-11-24T16:00:00Z,2025-11-24T16:15:00Z,1.4015,1.393,1.42105,1.4211
195,SOL,2025-11-17,23:00,2.3,28.0,Zone 3,Ok,CANONICAL_WR_TRADE,True,2.3,2.3,0.0,True,True,True,SHORT,TP,2025-11-17T16:05:00Z,2025-11-17T17:40:00Z,135.639,137.111,132.25340000000006,132.25300000000001
196,XRP,2025-11-15,23:10,-1.0,7.0,Zone 3,Ok,CANONICAL_WR_TRADE,True,2.3,2.3,3.3,False,False,False,SHORT,TP,2025-11-15T16:15:00Z,2025-11-15T16:25:00Z,2.2390000000000003,2.2439,2.227730000000001,2.2277
197,BTC,2025-12-30,23:15,-1.0,4.0,,,NOT_CANONICAL_WR_SETUP,False,,,,,,,,,,,,,,
198,ETH,2025-11-13,23:15,2.3,12.0,Zone 3,Ok,CANONICAL_WR_TRADE,True,2.3,2.3,0.0,True,True,True,SHORT,TP,2025-11-13T16:20:00Z,2025-11-13T17:00:00Z,3366.9900000000002,3392.4300000000003,3308.478,3308.4700000000003
199,SUI,2025-11-13,23:15,2.3,16.0,Zone 3,,NOT_CANONICAL_WR_SETUP,False,,,,,,,,,,,,,,
200,SOL,2025-11-13,23:20,2.3,15.0,Zone 3,Ok,SETUP_ELIGIBLE_BUT_NO_CANONICAL_TRADE,True,,,,,,,,,,,,,,
201,SUI,2025-11-04,23:40,2.3,6.0,Zone 3,,CANONICAL_WR_TRADE,True,2.3,2.3,0.0,True,True,True,SHORT,TP,2025-11-04T16:45:00Z,2025-11-04T17:10:00Z,1.9955,2.0142,1.9524899999999996,1.9524000000000001
202,SOL,2025-12-23,23:50,-1.0,2.0,Zone 3,Ok,CANONICAL_WR_TRADE,True,-1.0,-1.0,0.0,True,True,True,LONG,SL,2025-12-23T16:55:00Z,2025-12-23T17:00:00Z,124.781,124.369,125.72860000000001,124.369
203,BTC,2025-12-07,23:55,2.3,,,,NOT_CANONICAL_WR_SETUP,False,,,,,,,,,,,,,,
204,DASH,2025-11-10,,-0.7,,,,NO_TIMESTAMP,,,,,,,,,,,,,,,
205,LTC,2025-11-12,,-1.0,,,,NO_TIMESTAMP,,,,,,,,,,,,,,,
206,DASH,2025-11-12,,-1.0,,,,NO_TIMESTAMP,,,,,,,,,,,,,,,
207,DASH,2025-11-12,,-1.0,,,,NO_TIMESTAMP,,,,,,,,,,,,,,,
208,DASH,2025-11-12,,-1.0,,,,NO_TIMESTAMP,,,,,,,,,,,,,,,
209,DOGE,2025-11-13,,-1.0,,,,NO_TIMESTAMP,,,,,,,,,,,,,,,
210,DOGE,2025-11-13,,2.3,,,,NO_TIMESTAMP,,,,,,,,,,,,,,,
211,DASH,2025-11-14,,-1.0,,,,NO_TIMESTAMP,,,,,,,,,,,,,,,
212,DASH,2025-11-15,,2.3,,,,NO_TIMESTAMP,,,,,,,,,,,,,,,
213,DOGE,2025-11-15,,-1.0,,,,NO_TIMESTAMP,,,,,,,,,,,,,,,
214,DOGE,2025-11-15,,-1.0,,,,NO_TIMESTAMP,,,,,,,,,,,,,,,
215,LTC,2025-11-17,,2.3,,,,NO_TIMESTAMP,,,,,,,,,,,,,,,
216,DOGE,2025-11-17,,-0.2,,,,NO_TIMESTAMP,,,,,,,,,,,,,,,
217,DOGE,2025-11-17,,2.3,,,,NO_TIMESTAMP,,,,,,,,,,,,,,,
218,LTC,2025-11-18,,-1.0,,,,NO_TIMESTAMP,,,,,,,,,,,,,,,
219,LTC,2025-11-18,,-1.0,,,,NO_TIMESTAMP,,,,,,,,,,,,,,,
220,DASH,2025-11-18,,-1.0,,,,NO_TIMESTAMP,,,,,,,,,,,,,,,
221,DOGE,2025-11-18,,-1.0,,,,NO_TIMESTAMP,,,,,,,,,,,,,,,
222,DOGE,2025-11-18,,-1.0,,,,NO_TIMESTAMP,,,,,,,,,,,,,,,
223,DASH,2025-11-19,,-1.0,,,,NO_TIMESTAMP,,,,,,,,,,,,,,,
224,DOGE,2025-11-19,,-1.0,,,,NO_TIMESTAMP,,,,,,,,,,,,,,,
225,LTC,2025-11-20,,-1.0,,,,NO_TIMESTAMP,,,,,,,,,,,,,,,
226,DASH,2025-11-20,,2.3,,,,NO_TIMESTAMP,,,,,,,,,,,,,,,
227,DASH,2025-11-20,,-1.0,,,,NO_TIMESTAMP,,,,,,,,,,,,,,,
228,DASH,2025-11-20,,-1.0,,,,NO_TIMESTAMP,,,,,,,,,,,,,,,
229,DOGE,2025-11-20,,-1.0,,,,NO_TIMESTAMP,,,,,,,,,,,,,,,
230,DOGE,2025-11-21,,-0.2,,,,NO_TIMESTAMP,,,,,,,,,,,,,,,
231,LTC,2025-11-22,,-1.0,,,,NO_TIMESTAMP,,,,,,,,,,,,,,,
232,LTC,2025-11-22,,-1.0,,,,NO_TIMESTAMP,,,,,,,,,,,,,,,
233,DASH,2025-11-22,,-0.7,,,,NO_TIMESTAMP,,,,,,,,,,,,,,,
234,DOGE,2025-11-24,,2.3,,,,NO_TIMESTAMP,,,,,,,,,,,,,,,
235,DASH,2025-11-25,,-1.0,,,,NO_TIMESTAMP,,,,,,,,,,,,,,,
236,DOGE,2025-11-25,,-1.0,,,,NO_TIMESTAMP,,,,,,,,,,,,,,,
237,LTC,2025-11-26,,-1.0,,,,NO_TIMESTAMP,,,,,,,,,,,,,,,
238,DOGE,2025-11-26,,-1.0,,,,NO_TIMESTAMP,,,,,,,,,,,,,,,
239,LTC,2025-11-27,,-1.0,,,,NO_TIMESTAMP,,,,,,,,,,,,,,,
240,DASH,2025-11-27,,-1.0,,,,NO_TIMESTAMP,,,,,,,,,,,,,,,
241,DASH,2025-11-27,,-1.0,,,,NO_TIMESTAMP,,,,,,,,,,,,,,,
242,LTC,2025-11-28,,-1.0,,,,NO_TIMESTAMP,,,,,,,,,,,,,,,
243,LTC,2025-11-28,,2.3,,,,NO_TIMESTAMP,,,,,,,,,,,,,,,
244,DASH,2025-11-28,,-0.7,,,,NO_TIMESTAMP,,,,,,,,,,,,,,,
245,DASH,2025-11-28,,-1.0,,,,NO_TIMESTAMP,,,,,,,,,,,,,,,
246,DOGE,2025-11-28,,2.3,,,,NO_TIMESTAMP,,,,,,,,,,,,,,,
247,DOGE,2025-11-29,,-1.0,,,,NO_TIMESTAMP,,,,,,,,,,,,,,,
248,LTC,2025-11-30,,2.3,,,,NO_TIMESTAMP,,,,,,,,,,,,,,,
249,LTC,2025-11-30,,-1.0,,,,NO_TIMESTAMP,,,,,,,,,,,,,,,
250,DOGE,2025-11-30,,-1.0,,,,NO_TIMESTAMP,,,,,,,,,,,,,,,
251,DOGE,2025-11-30,,-1.0,,,,NO_TIMESTAMP,,,,,,,,,,,,,,,
252,DASH,2025-12-01,,2.3,,,,NO_TIMESTAMP,,,,,,,,,,,,,,,
253,DOGE,2025-12-01,,-1.0,,,,NO_TIMESTAMP,,,,,,,,,,,,,,,
254,LTC,2025-12-02,,2.3,,,,NO_TIMESTAMP,,,,,,,,,,,,,,,
255,DOGE,2025-12-02,,-1.0,,,,NO_TIMESTAMP,,,,,,,,,,,,,,,
256,DOGE,2025-12-02,,2.3,,,,NO_TIMESTAMP,,,,,,,,,,,,,,,
257,DOGE,2025-12-02,,2.3,,,,NO_TIMESTAMP,,,,,,,,,,,,,,,
258,DASH,2025-12-03,,1.0,,,,NO_TIMESTAMP,,,,,,,,,,,,,,,
259,DOGE,2025-12-03,,2.3,,,,NO_TIMESTAMP,,,,,,,,,,,,,,,
260,LTC,2025-12-04,,2.3,,,,NO_TIMESTAMP,,,,,,,,,,,,,,,
261,DASH,2025-12-04,,-1.0,,,,NO_TIMESTAMP,,,,,,,,,,,,,,,
262,DASH,2025-12-04,,-1.0,,,,NO_TIMESTAMP,,,,,,,,,,,,,,,
263,DOGE,2025-12-04,,-1.0,,,,NO_TIMESTAMP,,,,,,,,,,,,,,,
264,LTC,2025-12-05,,-1.0,,,,NO_TIMESTAMP,,,,,,,,,,,,,,,
265,LTC,2025-12-06,,-1.0,,,,NO_TIMESTAMP,,,,,,,,,,,,,,,
266,LTC,2025-12-06,,-1.0,,,,NO_TIMESTAMP,,,,,,,,,,,,,,,
267,LTC,2025-12-06,,2.3,,,,NO_TIMESTAMP,,,,,,,,,,,,,,,
268,LTC,2025-12-06,,2.3,,,,NO_TIMESTAMP,,,,,,,,,,,,,,,
269,LTC,2025-12-07,,-1.0,,,,NO_TIMESTAMP,,,,,,,,,,,,,,,
270,LTC,2025-12-07,,-1.0,,,,NO_TIMESTAMP,,,,,,,,,,,,,,,
271,LTC,2025-12-08,,-1.0,,,,NO_TIMESTAMP,,,,,,,,,,,,,,,
272,LTC,2025-12-08,,-0.3,,,,NO_TIMESTAMP,,,,,,,,,,,,,,,
273,DOGE,2025-12-08,,0.7,,,,NO_TIMESTAMP,,,,,,,,,,,,,,,
274,DOGE,2025-12-08,,2.3,,,,NO_TIMESTAMP,,,,,,,,,,,,,,,
275,DASH,2025-12-09,,-1.0,,,,NO_TIMESTAMP,,,,,,,,,,,,,,,
276,DASH,2025-12-09,,-1.0,,,,NO_TIMESTAMP,,,,,,,,,,,,,,,
277,DOGE,2025-12-09,,2.3,,,,NO_TIMESTAMP,,,,,,,,,,,,,,,
278,LTC,2025-12-10,,-1.0,,,,NO_TIMESTAMP,,,,,,,,,,,,,,,
279,DOGE,2025-12-10,,-1.0,,,,NO_TIMESTAMP,,,,,,,,,,,,,,,
280,LTC,2025-12-11,,2.3,,,,NO_TIMESTAMP,,,,,,,,,,,,,,,
281,DOGE,2025-12-11,,-1.0,,,,NO_TIMESTAMP,,,,,,,,,,,,,,,
282,DASH,2025-12-12,,-1.0,,,,NO_TIMESTAMP,,,,,,,,,,,,,,,
283,DOGE,2025-12-12,,2.3,,,,NO_TIMESTAMP,,,,,,,,,,,,,,,
284,LTC,2025-12-14,,2.3,,,,NO_TIMESTAMP,,,,,,,,,,,,,,,
285,LTC,2025-12-14,,2.3,,,,NO_TIMESTAMP,,,,,,,,,,,,,,,
286,DASH,2025-12-14,,2.3,,,,NO_TIMESTAMP,,,,,,,,,,,,,,,
287,DASH,2025-12-14,,-1.0,,,,NO_TIMESTAMP,,,,,,,,,,,,,,,
288,DOGE,2025-12-14,,2.3,,,,NO_TIMESTAMP,,,,,,,,,,,,,,,
289,LTC,2025-12-15,,2.3,,,,NO_TIMESTAMP,,,,,,,,,,,,,,,
290,DASH,2025-12-15,,2.3,,,,NO_TIMESTAMP,,,,,,,,,,,,,,,
291,DASH,2025-12-15,,-1.0,,,,NO_TIMESTAMP,,,,,,,,,,,,,,,
292,DASH,2025-12-15,,-1.0,,,,NO_TIMESTAMP,,,,,,,,,,,,,,,
293,LTC,2025-12-16,,-1.0,,,,NO_TIMESTAMP,,,,,,,,,,,,,,,
294,LTC,2025-12-16,,-1.0,,,,NO_TIMESTAMP,,,,,,,,,,,,,,,
295,DASH,2025-12-17,,-1.0,,,,NO_TIMESTAMP,,,,,,,,,,,,,,,
296,DOGE,2025-12-17,,-1.0,,,,NO_TIMESTAMP,,,,,,,,,,,,,,,
297,LTC,2025-12-18,,-0.3,,,,NO_TIMESTAMP,,,,,,,,,,,,,,,
298,DOGE,2025-12-18,,-1.0,,,,NO_TIMESTAMP,,,,,,,,,,,,,,,
