symbol,signal_vn,side,R,reason,mechanical_pass,fail_reasons,finalized_time_block,finalized_asset_whitelist,T_gate,volume_gate,session_allowed,sra_ok,side_predicate_ok,entry_match,stop_match,target_match,nextbar_fill,entry_time_match,exit_replay_match,signal_body_ratio,ema_distance_in_signal_ranges
1000PEPEUSDT,2026-09-11 02:24:59,L,-1.0,SL,True,[],True,False,True,True,True,True,True,True,True,True,True,True,True,0.7394366197183041,1.2396774595529765
AKEUSDT,2026-09-07 01:24:59,L,-1.0,SL,True,[],True,False,True,True,True,True,True,True,True,True,True,True,True,0.314393939393938,2.329605903008695
ARBUSDT,2026-09-07 04:34:59,L,2.3,TP,True,[],True,False,True,True,True,True,True,True,True,True,True,True,True,0.32812500000000205,1.4607928892398538
ARBUSDT,2026-09-09 05:09:59,S,-1.0,SL,True,[],True,False,True,True,True,True,True,True,True,True,True,True,True,0.8639999999999973,1.0943866329742304
ARBUSDT,2026-09-17 01:59:59,L,-1.0,SL,True,[],True,False,True,True,True,True,True,True,True,True,True,True,True,0.1524663677129945,1.4148446106790162
BNBUSDT,2026-09-07 21:39:59,S,-1.0,SL,True,[],True,False,True,True,True,True,True,True,True,True,True,True,True,0.5187969924812281,1.516468560266359
BNBUSDT,2026-09-11 00:44:59,L,-1.0,SL,True,[],True,False,True,True,True,True,True,True,True,True,True,True,True,0.3913043478260708,3.0988661922312217
BTCUSDT,2026-09-03 17:14:59,S,-1.0,SL,True,[],True,False,True,True,True,True,True,True,True,True,True,True,True,0.6718866517525107,1.2501972161858115
BTCUSDT,2026-09-07 04:14:59,L,-1.0,SL,True,[],True,False,True,True,True,True,True,True,True,True,True,True,True,0.5987361769351096,1.5537622356879943
BTCUSDT,2026-09-11 18:14:59,S,-1.0,SL,True,[],False,False,True,True,True,True,True,True,True,True,True,True,True,0.19567456230688837,2.3575372321103667
BTCUSDT,2026-09-15 05:04:59,S,-1.0,SL,True,[],True,False,True,True,True,True,True,True,True,True,True,True,True,0.38577291381661893,2.8465850351538258
BTRUSDT,2026-09-04 18:49:59,S,-1.0,SL,True,[],False,False,True,True,True,True,True,True,True,True,True,True,True,0.7727272727272799,1.7160624447437538
DOGEUSDT,2026-09-10 05:49:59,S,-1.0,SL,True,[],True,False,True,True,True,True,True,True,True,True,True,True,True,0.9499999999999514,2.564861539287515
DOGEUSDT,2026-09-14 16:24:59,S,-1.0,SL,True,[],True,False,True,True,True,True,True,True,True,True,True,True,True,0.5909090909091196,1.2732076326608177
DOGEUSDT,2026-09-17 03:34:59,L,-1.0,SL,True,[],True,False,True,True,True,True,True,True,True,True,True,True,True,0.4999999999999733,1.8453526462187144
DOGEUSDT,2026-09-17 17:44:59,S,-1.0,SL,True,[],True,False,True,True,True,True,True,True,True,True,True,True,True,0.8888888888889402,3.1403349146233555
ENAUSDT,2026-09-03 21:44:59,L,2.3,TP,True,[],True,False,True,True,True,True,True,True,True,True,True,True,True,0.6459627329192454,1.5212641170473638
ENAUSDT,2026-09-07 01:59:59,L,-1.0,SL,True,[],True,False,True,True,True,True,True,True,True,True,True,True,True,0.18055555555554378,1.3689992637859656
ENAUSDT,2026-09-09 00:59:59,S,-1.0,SL,True,[],True,False,True,True,True,True,True,True,True,True,True,True,True,0.7894736842105379,1.5118129289929796
ENAUSDT,2026-09-10 02:59:59,S,-1.0,SL,True,[],True,False,True,True,True,True,True,True,True,True,True,True,True,0.7118644067796921,4.87840991383771
ETHUSDT,2026-09-03 16:49:59,S,-1.0,SL,True,[],True,True,True,True,True,True,True,True,True,True,True,True,True,0.43283582089556,1.4603682816570158
ETHUSDT,2026-09-03 19:49:59,L,2.3,TP,True,[],False,True,True,True,True,True,True,True,True,True,True,True,True,0.7350272232304114,1.6624907134883953
ETHUSDT,2026-09-09 17:24:59,S,-1.0,SL,True,[],True,True,True,True,True,True,True,True,True,True,True,True,True,0.3194444444444576,3.4694948919638047
ETHUSDT,2026-09-10 05:49:59,S,-1.0,SL,True,[],True,True,True,True,True,True,True,True,True,True,True,True,True,0.9345372460495712,1.305564216505856
ETHUSDT,2026-09-16 04:59:59,S,-1.0,SL,True,[],True,True,True,True,True,True,True,True,True,True,True,True,True,0.8587641866331073,1.3783881219213878
HYPEUSDT,2026-09-02 03:29:59,L,-1.0,SL,True,[],True,False,True,True,True,True,True,True,True,True,True,True,True,0.3831775700934749,1.592488256735528
HYPEUSDT,2026-09-02 23:24:59,L,-1.0,SL,True,[],True,False,True,True,True,True,True,True,True,True,True,True,True,0.6908212560386244,2.0959864146299045
HYPEUSDT,2026-09-14 19:14:59,L,-1.0,SL,True,[],False,False,True,True,True,True,True,True,True,True,True,True,True,0.8984771573604925,1.902162472081796
HYPEUSDT,2026-09-15 20:04:59,L,-1.0,SL,True,[],False,False,True,True,True,True,True,True,True,True,True,True,True,0.8095238095237531,1.848233462220383
NEARUSDT,2026-09-10 02:44:59,S,2.3,TP,True,[],True,False,True,True,True,True,True,True,True,True,True,True,True,0.3333333333333192,2.857567470950183
ONGUSDT,2026-09-03 00:04:59,S,-1.0,SL,True,[],True,False,True,True,True,True,True,True,True,True,True,True,True,0.1388888888888739,2.2753560707309695
PROMUSDT,2026-09-02 04:39:59,S,2.3,TP,True,[],True,False,True,True,True,True,True,True,True,True,True,True,True,0.40350877192983825,1.8184167463680547
PUMPUSDT,2026-09-03 17:54:59,L,-1.0,SL,True,[],True,False,True,True,True,True,True,True,True,True,True,True,True,0.3999999999999884,1.3094091305091111
PUMPUSDT,2026-09-11 16:19:59,S,2.3,TP,True,[],True,False,True,True,True,True,True,True,True,True,True,True,True,0.29999999999999566,2.8015942980195314
PUMPUSDT,2026-09-15 21:34:59,S,2.3,TP,True,[],True,False,True,True,True,True,True,True,True,True,True,True,True,0.44444444444445336,1.7083384334593665
SOLUSDT,2026-09-02 00:09:59,S,-1.0,SL,True,[],True,True,True,True,True,True,True,True,True,True,True,True,True,0.15789473684211314,2.4127069691379983
SOLUSDT,2026-09-07 02:44:59,S,-1.0,SL,True,[],True,True,True,True,True,True,True,True,True,True,True,True,True,0.5384615384616142,2.9021859843557283
SOLUSDT,2026-09-14 00:04:59,L,2.3,TP,True,[],True,True,True,True,True,True,True,True,True,True,True,True,True,0.8461538461538713,2.178024570491273
SOLUSDT,2026-09-16 04:59:59,S,-1.0,SL,True,[],True,True,True,True,True,True,True,True,True,True,True,True,True,0.928571428571443,2.0997088863824906
SUIUSDT,2026-09-02 23:29:59,L,-1.0,SL,True,[],True,False,True,True,True,True,True,True,True,True,True,True,True,0.5714285714286054,3.232884152623275
SUIUSDT,2026-09-04 00:44:59,L,-1.0,SL,True,[],True,False,True,True,True,True,True,True,True,True,True,True,True,0.5999999999999889,1.671470777773297
SUIUSDT,2026-09-10 04:49:59,S,2.3,TP,True,[],True,False,True,True,True,True,True,True,True,True,True,True,True,0.9374999999999841,1.88324413364949
SUIUSDT,2026-09-10 20:29:59,S,-1.0,SL,True,[],False,False,True,True,True,True,True,True,True,True,True,True,True,0.18518518518520347,1.841178611582946
SUIUSDT,2026-09-11 17:59:59,S,2.3,TP,True,[],True,False,True,True,True,True,True,True,True,True,True,True,True,0.8823529411764782,2.575716562417381
SUIUSDT,2026-09-14 00:09:59,L,2.3,TP,True,[],True,False,True,True,True,True,True,True,True,True,True,True,True,0.5625000000000303,2.2933183426655335
SUIUSDT,2026-09-15 16:34:59,L,-1.0,SL,True,[],True,False,True,True,True,True,True,True,True,True,True,True,True,0.7500000000000278,1.647873152007427
TRUMPUSDT,2026-09-02 00:49:59,S,2.3,TP,True,[],True,False,True,True,True,True,True,True,True,True,True,True,True,0.6249999999999861,2.0126031247314473
TRUMPUSDT,2026-09-02 18:19:59,S,-1.0,SL,True,[],False,False,True,True,True,True,True,True,True,True,True,True,True,0.7142857142856871,1.9321719701193953
TRUMPUSDT,2026-09-07 03:49:59,L,-1.0,SL,True,[],True,False,True,True,True,True,True,True,True,True,True,True,True,0.25000000000008327,1.7414819557669532
UNIUSDT,2026-09-04 03:54:59,L,-1.0,SL,True,[],True,False,True,True,True,True,True,True,True,True,True,True,True,0.2777777777777682,1.7547535282857538
UNIUSDT,2026-09-04 16:14:59,L,-1.0,SL,True,[],True,False,True,True,True,True,True,True,True,True,True,True,True,0.7166666666666632,1.5286352108328278
UNIUSDT,2026-09-17 03:34:59,L,-1.0,SL,True,[],True,False,True,True,True,True,True,True,True,True,True,True,True,0.9090909090909133,1.540130365136299
USELESSUSDT,2026-09-07 18:24:59,L,-1.0,SL,True,[],False,False,True,True,True,True,True,True,True,True,True,True,True,0.7187910643889617,1.3321553879698116
USELESSUSDT,2026-09-09 01:19:59,S,-1.0,SL,True,[],True,False,True,True,True,True,True,True,True,True,True,True,True,0.6735159817351625,2.4745359293794937
USELESSUSDT,2026-09-09 18:24:59,L,-1.0,SL,True,[],False,False,True,True,True,True,True,True,True,True,True,True,True,0.5914149443561245,1.440166470141681
WLDUSDT,2026-09-11 20:54:59,L,-1.0,SL,True,[],False,False,True,True,True,True,True,True,True,True,True,True,True,0.3541666666666604,2.1687099215673498
XRPUSDT,2026-09-02 00:14:59,S,-1.0,SL,True,[],True,True,True,True,True,True,True,True,True,True,True,True,True,0.5999999999999334,1.8934771513534603
XRPUSDT,2026-09-09 16:54:59,S,-1.0,SL,True,[],True,True,True,True,True,True,True,True,True,True,True,True,True,0.2592592592592989,3.9581422142048437
XRPUSDT,2026-09-14 01:49:59,L,-1.0,SL,True,[],True,True,True,True,True,True,True,True,True,True,True,True,True,0.6799999999999397,1.3609556803780023
XRPUSDT,2026-09-14 03:54:59,L,-1.0,SL,True,[],True,True,True,True,True,True,True,True,True,True,True,True,True,0.5882352941177008,2.0179171328605046
XRPUSDT,2026-09-16 03:09:59,S,-1.0,SL,True,[],True,True,True,True,True,True,True,True,True,True,True,True,True,0.7592592592592634,2.9658958109374463
ZECUSDT,2026-09-02 15:39:59,S,2.3,TP,True,[],True,False,True,True,True,True,True,True,True,True,True,True,True,0.14333333333331666,1.6607232183953329
ZECUSDT,2026-09-10 23:14:59,S,2.3,TP,True,[],True,False,True,True,True,True,True,True,True,True,True,True,True,0.05172413793102404,2.0813634498785176
龙虾USDT,2026-09-17 17:34:59,L,-1.0,SL,True,[],True,False,True,True,True,True,True,True,True,True,True,True,True,0.4930332261521828,1.7518518957562326
