symbol,signal_iso,entry_iso,exit_iso,side,tclass,e,s,t,exit_price,reason,R
ETHUSDT,2026-08-17T15:49:59.999000Z,2026-08-17T15:50:00Z,2026-08-17T16:14:59.999000Z,LONG,NORMAL,1912.95,1908.39,1923.4379999999999,1908.39,SL,-1.0
ETHUSDT,2026-08-17T22:19:59.999000Z,2026-08-17T22:20:00Z,2026-08-17T22:24:59.999000Z,SHORT,NORMAL,1903.15,1904.49,1900.0680000000002,1904.49,SL,-1.0
ETHUSDT,2026-08-19T19:09:59.999000Z,2026-08-19T19:10:00Z,2026-08-19T19:14:59.999000Z,LONG,NORMAL,2096.4300000000003,2092.0899999999997,2106.4120000000016,2092.0899999999997,SL,-1.0
ETHUSDT,2026-08-21T11:44:59.999000Z,2026-08-21T11:45:00Z,2026-08-21T12:14:59.999000Z,SHORT,NORMAL,2371.35,2377.78,2356.5609999999992,2377.78,SL,-1.0
ETHUSDT,2026-08-23T11:34:59.999000Z,2026-08-23T11:35:00Z,2026-08-23T12:09:59.999000Z,LONG,NORMAL,2430.8,2425.5299999999997,2442.921000000001,2425.5299999999997,SL,-1.0
ETHUSDT,2026-08-30T11:24:59.999000Z,2026-08-30T11:25:00Z,2026-08-30T11:39:59.999000Z,LONG,NORMAL,2459.0800000000004,2457.8599999999997,2461.8860000000022,2457.8599999999997,SL,-1.0
ETHUSDT,2026-09-01T02:09:59.999000Z,2026-09-01T02:10:00Z,2026-09-01T02:29:59.999000Z,SHORT,NORMAL,2457.18,2460.9900000000002,2448.416999999999,2460.9900000000002,SL,-1.0
ETHUSDT,2026-09-03T09:49:59.999000Z,2026-09-03T09:50:00Z,2026-09-03T10:59:59.999000Z,SHORT,T-1,2393.5899999999997,2398.3,2382.7569999999987,2395.74,EMA,-0.4564755838640906
ETHUSDT,2026-09-03T12:49:59.999000Z,2026-09-03T12:50:00Z,2026-09-03T13:34:59.999000Z,LONG,T-1,2417.5200000000004,2411.99,2430.239000000002,2430.239000000002,TP,2.3
ETHUSDT,2026-09-05T16:29:59.999000Z,2026-09-05T16:30:00Z,2026-09-05T16:34:59.999000Z,LONG,NORMAL,2462.71,2460.41,2468.0000000000005,2468.0000000000005,TP,2.3
ETHUSDT,2026-09-06T01:09:59.999000Z,2026-09-06T01:10:00Z,2026-09-06T01:24:59.999000Z,LONG,NORMAL,2496.7400000000002,2491.3999999999996,2509.0220000000018,2491.3999999999996,SL,-1.0
ETHUSDT,2026-09-09T22:49:59.999000Z,2026-09-09T22:50:00Z,2026-09-09T23:04:59.999000Z,SHORT,T-1,2451.7099999999996,2456.1600000000003,2441.474999999998,2456.1600000000003,SL,-1.0
ETHUSDT,2026-09-11T22:44:59.999000Z,2026-09-11T22:45:00Z,2026-09-11T23:44:59.999000Z,SHORT,NORMAL,2515.18,2521.8300000000004,2499.8849999999984,2510.02,SESSION,0.7759398496239746
ETHUSDT,2026-09-13T00:09:59.999000Z,2026-09-13T00:10:00Z,2026-09-13T00:14:59.999000Z,LONG,NORMAL,2525.7400000000002,2524.72,2528.086000000001,2524.72,SL,-1.0
ETHUSDT,2026-09-15T21:59:59.999000Z,2026-09-15T22:00:00Z,2026-09-15T22:04:59.999000Z,SHORT,T-1,2388.12,2396.07,2369.834999999999,2396.07,SL,-1.0
ETHUSDT,2026-09-18T18:49:59.999000Z,2026-09-18T18:50:00Z,2026-09-18T18:59:59.999000Z,LONG,NORMAL,2614.17,2608.83,2626.452,2608.83,SL,-1.0
SOLUSDT,2026-08-16T18:09:59.999000Z,2026-08-16T18:10:00Z,2026-08-16T19:14:59.999000Z,SHORT,NORMAL,75.14800000000001,75.232,74.95480000000003,75.232,SL,-1.0
SOLUSDT,2026-08-18T10:24:59.999000Z,2026-08-18T10:25:00Z,2026-08-18T11:04:59.999000Z,SHORT,NORMAL,75.778,75.88199999999999,75.53880000000004,75.88199999999999,SL,-1.0
SOLUSDT,2026-08-23T13:14:59.999000Z,2026-08-23T13:15:00Z,2026-08-23T13:19:59.999000Z,LONG,NORMAL,94.972,94.72800000000001,95.53319999999997,95.53319999999997,TP,2.3
SOLUSDT,2026-08-28T08:59:59.999000Z,2026-08-28T09:00:00Z,2026-08-28T09:09:59.999000Z,SHORT,NORMAL,105.89800000000001,106.232,105.12980000000003,106.232,SL,-1.0
SOLUSDT,2026-08-29T14:19:59.999000Z,2026-08-29T14:20:00Z,2026-08-29T14:39:59.999000Z,LONG,NORMAL,104.152,103.92800000000001,104.66719999999998,104.66719999999998,TP,2.3
SOLUSDT,2026-08-30T04:34:59.999000Z,2026-08-30T04:35:00Z,2026-08-30T04:59:59.999000Z,SHORT,NORMAL,104.848,104.96199999999999,104.58580000000002,104.96199999999999,SL,-1.0
SOLUSDT,2026-08-31T22:59:59.999000Z,2026-08-31T23:00:00Z,2026-08-31T23:04:59.999000Z,SHORT,NORMAL,103.138,103.252,102.87580000000003,102.87580000000003,TP,2.3
SOLUSDT,2026-09-01T16:59:59.999000Z,2026-09-01T17:00:00Z,2026-09-01T17:24:59.999000Z,SHORT,NORMAL,100.818,101.082,100.2108,101.082,SL,-1.0
SOLUSDT,2026-09-06T02:24:59.999000Z,2026-09-06T02:25:00Z,2026-09-06T02:34:59.999000Z,LONG,NORMAL,104.032,103.858,104.43219999999998,104.43219999999998,TP,2.3
SOLUSDT,2026-09-08T09:29:59.999000Z,2026-09-08T09:30:00Z,2026-09-08T10:24:59.999000Z,LONG,NORMAL,103.32199999999999,103.078,103.88319999999996,103.88319999999996,TP,2.3
SOLUSDT,2026-09-08T15:09:59.999000Z,2026-09-08T15:10:00Z,2026-09-08T15:59:59.999000Z,LONG,NORMAL,103.472,103.17800000000001,104.14819999999996,104.14819999999996,TP,2.3
SOLUSDT,2026-09-11T18:54:59.999000Z,2026-09-11T18:55:00Z,2026-09-11T19:04:59.999000Z,SHORT,NORMAL,100.748,101.192,99.72680000000003,101.192,SL,-1.0
SOLUSDT,2026-09-15T21:59:59.999000Z,2026-09-15T22:00:00Z,2026-09-15T22:04:59.999000Z,SHORT,T-1,96.468,96.752,95.81480000000002,96.752,SL,-1.0
SUIUSDT,2026-08-18T11:14:59.999000Z,2026-08-18T11:15:00Z,2026-08-18T12:24:59.999000Z,LONG,NORMAL,0.6507999999999999,0.6495,0.6537899999999999,0.6537899999999999,TP,2.3
SUIUSDT,2026-08-18T19:24:59.999000Z,2026-08-18T19:25:00Z,2026-08-18T19:39:59.999000Z,LONG,NORMAL,0.6579,0.6569,0.6602,0.6569,SL,-1.0
SUIUSDT,2026-08-18T21:39:59.999000Z,2026-08-18T21:40:00Z,2026-08-18T21:54:59.999000Z,SHORT,NORMAL,0.6513,0.6524,0.6487700000000001,0.6487700000000001,TP,2.3
SUIUSDT,2026-08-20T21:44:59.999000Z,2026-08-20T21:45:00Z,2026-08-20T21:59:59.999000Z,LONG,NORMAL,0.7351,0.7326,0.7408499999999999,0.7326,SL,-1.0
SUIUSDT,2026-08-21T07:44:59.999000Z,2026-08-21T07:45:00Z,2026-08-21T07:49:59.999000Z,LONG,NORMAL,0.7823,0.7775,0.79334,0.7775,SL,-1.0
SUIUSDT,2026-08-27T03:14:59.999000Z,2026-08-27T03:15:00Z,2026-08-27T03:24:59.999000Z,SHORT,NORMAL,0.7476,0.7513,0.7390900000000002,0.7513,SL,-1.0
SUIUSDT,2026-08-30T06:24:59.999000Z,2026-08-30T06:25:00Z,2026-08-30T07:34:59.999000Z,LONG,NORMAL,0.7441,0.742,0.74893,0.742,SL,-1.0
SUIUSDT,2026-08-30T22:24:59.999000Z,2026-08-30T22:25:00Z,2026-08-30T23:19:59.999000Z,SHORT,NORMAL,0.734,0.7387,0.7231899999999999,0.7231899999999999,TP,2.3
SUIUSDT,2026-09-01T14:44:59.999000Z,2026-09-01T14:45:00Z,2026-09-01T14:54:59.999000Z,LONG,NORMAL,0.7353,0.7336,0.7392099999999998,0.7336,SL,-1.0
SUIUSDT,2026-09-08T04:49:59.999000Z,2026-09-08T04:50:00Z,2026-09-08T05:04:59.999000Z,SHORT,NORMAL,0.8160000000000001,0.8177,0.8120900000000002,0.8120900000000002,AMBIG->SL,-1.0
SUIUSDT,2026-09-08T12:04:59.999000Z,2026-09-08T12:05:00Z,2026-09-08T12:29:59.999000Z,SHORT,NORMAL,0.8054,0.8099999999999999,0.7948200000000002,0.8099999999999999,SL,-1.0
SUIUSDT,2026-09-08T15:09:59.999000Z,2026-09-08T15:10:00Z,2026-09-08T16:19:59.999000Z,LONG,NORMAL,0.8204,0.8147,0.8335100000000001,0.8196,EMA,-0.14035087719298553
SUIUSDT,2026-09-09T21:49:59.999000Z,2026-09-09T21:50:00Z,2026-09-09T22:09:59.999000Z,SHORT,T-1,0.7735,0.7785,0.762,0.762,TP,2.3
SUIUSDT,2026-09-10T13:29:59.999000Z,2026-09-10T13:30:00Z,2026-09-10T13:39:59.999000Z,SHORT,T-1,0.7483,0.7512,0.7416299999999999,0.7512,SL,-1.0
SUIUSDT,2026-09-12T18:04:59.999000Z,2026-09-12T18:05:00Z,2026-09-12T19:24:59.999000Z,SHORT,NORMAL,0.7235,0.7253999999999999,0.7191300000000003,0.7191300000000003,TP,2.3
SUIUSDT,2026-09-13T00:24:59.999000Z,2026-09-13T00:25:00Z,2026-09-13T01:14:59.999000Z,LONG,NORMAL,0.7267,0.7257,0.729,0.729,TP,2.3
SUIUSDT,2026-09-16T03:14:59.999000Z,2026-09-16T03:15:00Z,2026-09-16T03:39:59.999000Z,LONG,T-1,0.6913,0.6883,0.6982,0.6883,SL,-1.0
XRPUSDT,2026-08-15T00:44:59.999000Z,2026-08-15T00:45:00Z,2026-08-15T01:24:59.999000Z,LONG,NORMAL,0.9996,0.9989,1.0012100000000002,1.0012100000000002,TP,2.3
XRPUSDT,2026-08-15T19:49:59.999000Z,2026-08-15T19:50:00Z,2026-08-15T22:34:59.999000Z,LONG,NORMAL,1.0034,1.0024,1.0057000000000003,1.0057000000000003,TP,2.3
XRPUSDT,2026-08-22T19:49:59.999000Z,2026-08-22T19:50:00Z,2026-08-22T20:04:59.999000Z,LONG,NORMAL,1.5042,1.4973,1.5200699999999998,1.4973,SL,-1.0
XRPUSDT,2026-08-25T06:54:59.999000Z,2026-08-25T06:55:00Z,2026-08-25T07:04:59.999000Z,SHORT,NORMAL,1.5,1.5053,1.4878099999999999,1.5053,SL,-1.0
XRPUSDT,2026-08-26T14:49:59.999000Z,2026-08-26T14:50:00Z,2026-08-26T15:29:59.999000Z,SHORT,NORMAL,1.3705,1.3776,1.3541700000000003,1.3776,SL,-1.0
XRPUSDT,2026-08-30T09:39:59.999000Z,2026-08-30T09:40:00Z,2026-08-30T09:44:59.999000Z,SHORT,NORMAL,1.3853,1.3871,1.38116,1.38116,TP,2.3
XRPUSDT,2026-08-31T07:39:59.999000Z,2026-08-31T07:40:00Z,2026-08-31T07:44:59.999000Z,LONG,NORMAL,1.3698,1.3671,1.3760099999999997,1.3671,SL,-1.0
XRPUSDT,2026-09-01T02:09:59.999000Z,2026-09-01T02:10:00Z,2026-09-01T03:04:59.999000Z,SHORT,NORMAL,1.3724,1.3764,1.3632,1.3758,EMA,-0.8499999999999611
XRPUSDT,2026-09-06T07:24:59.999000Z,2026-09-06T07:25:00Z,2026-09-06T08:14:59.999000Z,SHORT,NORMAL,1.4144,1.4189,1.4040500000000002,1.4175,EMA,-0.6888888888888703
XRPUSDT,2026-09-07T22:29:59.999000Z,2026-09-07T22:30:00Z,2026-09-07T22:44:59.999000Z,SHORT,NORMAL,1.391,1.395,1.3818,1.3818,TP,2.3
XRPUSDT,2026-09-15T20:09:59.999000Z,2026-09-15T20:10:00Z,2026-09-15T20:54:59.999000Z,SHORT,T-1,1.2833,1.2943,1.2580000000000005,1.2943,SL,-1.0
