symbol,signal_ms,signal_iso,entry_iso,exit_iso,side,tclass,tlabels,e,s,t,exit_price,reason,R
SOLUSDT,1609790399999,2021-01-04T19:59:59.999000Z,2021-01-04T20:00:00Z,2021-01-04T20:59:59.999000Z,LONG,NORMAL,,2.4301000000000004,2.3004,2.7284100000000016,2.3004,SL,-1.0
SOLUSDT,1610920799999,2021-01-17T21:59:59.999000Z,2021-01-17T22:00:00Z,2021-01-17T23:29:59.999000Z,LONG,NORMAL,,3.8721,3.8223999999999996,3.986410000000001,3.9317,SESSION,1.1991951710261464
SOLUSDT,1612886399999,2021-02-09T15:59:59.999000Z,2021-02-09T16:00:00Z,2021-02-09T18:29:59.999000Z,SHORT,T-1,T-1,7.7081,7.8133,7.46614,7.8133,SL,-1.0
SOLUSDT,1613408399999,2021-02-15T16:59:59.999000Z,2021-02-15T17:00:00Z,2021-02-15T18:59:59.999000Z,LONG,NORMAL,,9.0748,8.9929,9.263169999999997,9.263169999999997,TP,2.3
SOLUSDT,1613491199999,2021-02-16T15:59:59.999000Z,2021-02-16T16:00:00Z,2021-02-16T16:59:59.999000Z,SHORT,NORMAL,,8.3854,8.522,8.071220000000002,8.071220000000002,TP,2.3
SOLUSDT,1614175199999,2021-02-24T13:59:59.999000Z,2021-02-24T14:00:00Z,2021-02-24T15:29:59.999000Z,LONG,NORMAL,,16.9077,16.2575,18.403159999999993,16.2575,SL,-1.0
SOLUSDT,1616588999999,2021-03-24T12:29:59.999000Z,2021-03-24T12:30:00Z,2021-03-24T13:59:59.999000Z,LONG,NORMAL,,14.8436,14.7125,15.14513,14.7125,SL,-1.0
SOLUSDT,1618167599999,2021-04-11T18:59:59.999000Z,2021-04-11T19:00:00Z,2021-04-11T22:29:59.999000Z,LONG,T-1,T-1,28.3085,28.063200000000002,28.87268999999999,28.063200000000002,SL,-1.0
SOLUSDT,1623234599999,2021-06-09T10:29:59.999000Z,2021-06-09T10:30:00Z,2021-06-09T13:29:59.999000Z,LONG,T-1,T-1,43.310100000000006,42.299899999999994,45.63356000000003,42.299899999999994,SL,-1.0
SOLUSDT,1623391199999,2021-06-11T05:59:59.999000Z,2021-06-11T06:00:00Z,2021-06-11T13:59:59.999000Z,SHORT,T+1,T+1,39.405899999999995,39.9001,38.26923999999998,39.9001,SL,-1.0
SOLUSDT,1624310999999,2021-06-21T21:29:59.999000Z,2021-06-21T21:30:00Z,2021-06-21T23:29:59.999000Z,SHORT,NORMAL,,26.7999,28.2901,23.372440000000005,27.21,SESSION,-0.2751979600053687
SOLUSDT,1624969799999,2021-06-29T12:29:59.999000Z,2021-06-29T12:30:00Z,2021-06-29T20:59:59.999000Z,LONG,NORMAL,,34.8911,34.155899999999995,36.58206000000001,34.155899999999995,SL,-1.0
SOLUSDT,1628101799999,2021-08-04T18:29:59.999000Z,2021-08-04T18:30:00Z,2021-08-04T23:29:59.999000Z,LONG,T-1,T-1,36.039100000000005,35.5199,37.233260000000016,36.076,SESSION,0.07107087827425917
SOLUSDT,1628783999999,2021-08-12T15:59:59.999000Z,2021-08-12T16:00:00Z,2021-08-12T17:29:59.999000Z,SHORT,T+1,T+1,39.793899999999994,40.243100000000005,38.76073999999997,40.243100000000005,SL,-1.0
SOLUSDT,1629827999999,2021-08-24T17:59:59.999000Z,2021-08-24T18:00:00Z,2021-08-24T18:59:59.999000Z,SHORT,NORMAL,,70.6999,71.9531,67.81753999999998,71.9531,SL,-1.0
SOLUSDT,1630387799999,2021-08-31T05:29:59.999000Z,2021-08-31T05:30:00Z,2021-08-31T06:59:59.999000Z,LONG,NORMAL,,118.6911,115.8599,125.20286000000003,115.8599,SL,-1.0
SOLUSDT,1631278799999,2021-09-10T12:59:59.999000Z,2021-09-10T13:00:00Z,2021-09-10T18:59:59.999000Z,SHORT,NORMAL,,178.6199,183.2861,167.88764,183.2861,SL,-1.0
SOLUSDT,1632466799999,2021-09-24T06:59:59.999000Z,2021-09-24T07:00:00Z,2021-09-24T07:29:59.999000Z,SHORT,T+1,T+1,142.4889,144.44910000000002,137.98043999999996,144.44910000000002,SL,-1.0
SOLUSDT,1635712199999,2021-10-31T20:29:59.999000Z,2021-10-31T20:30:00Z,2021-10-31T23:29:59.999000Z,LONG,NORMAL,,198.7071,195.16389999999998,206.85646000000003,202.387,SESSION,1.0385809437796314
SOLUSDT,1637121599999,2021-11-17T03:59:59.999000Z,2021-11-17T04:00:00Z,2021-11-17T10:59:59.999000Z,SHORT,NORMAL,,212.3919,217.2421,201.23644,217.2421,SL,-1.0
SOLUSDT,1637697599999,2021-11-23T19:59:59.999000Z,2021-11-23T20:00:00Z,2021-11-23T23:29:59.999000Z,LONG,NORMAL,,224.5951,221.6179,231.44266000000002,221.6179,SL,-1.0
SOLUSDT,1640654999999,2021-12-28T01:29:59.999000Z,2021-12-28T01:30:00Z,2021-12-28T03:29:59.999000Z,SHORT,NORMAL,,192.7699,195.1301,187.34144000000003,187.34144000000003,TP,2.3
SOLUSDT,1644539399999,2022-02-11T00:29:59.999000Z,2022-02-11T00:30:00Z,2022-02-11T01:29:59.999000Z,SHORT,T+1,T+1,104.0099,106.3001,98.74244,106.3001,SL,-1.0
SOLUSDT,1644544799999,2022-02-11T01:59:59.999000Z,2022-02-11T02:00:00Z,2022-02-11T07:59:59.999000Z,SHORT,T+1,T+1,104.59989999999999,105.7101,102.04643999999998,105.7101,SL,-1.0
SOLUSDT,1645592399999,2022-02-23T04:59:59.999000Z,2022-02-23T05:00:00Z,2022-02-23T09:29:59.999000Z,LONG,NORMAL,,88.1101,87.1399,90.34156000000002,90.34156000000002,TP,2.3
SOLUSDT,1647365399999,2022-03-15T17:29:59.999000Z,2022-03-15T17:30:00Z,2022-03-15T18:29:59.999000Z,LONG,T-1,T-1,81.93010000000001,81.5299,82.85056000000004,82.85056000000004,TP,2.3
SOLUSDT,1647588599999,2022-03-18T07:29:59.999000Z,2022-03-18T07:30:00Z,2022-03-18T14:29:59.999000Z,SHORT,T+1,T+1,85.8899,86.6901,84.04943999999999,86.23,EMA,-0.42501874531367795
SOLUSDT,1652338799999,2022-05-12T06:59:59.999000Z,2022-05-12T07:00:00Z,2022-05-12T07:59:59.999000Z,SHORT,T+1,T+1,40.4899,45.0001,30.11643999999999,45.0001,SL,-1.0
SOLUSDT,1652880599999,2022-05-18T13:29:59.999000Z,2022-05-18T13:30:00Z,2022-05-18T23:29:59.999000Z,SHORT,NORMAL,,52.119899999999994,53.320100000000004,49.35943999999997,50.01,SESSION,1.7579570071654553
SOLUSDT,1653627599999,2022-05-27T04:59:59.999000Z,2022-05-27T05:00:00Z,2022-05-27T12:29:59.999000Z,SHORT,NORMAL,,41.3099,42.4401,38.71043999999999,42.18,EMA,-0.769863740930808
SOLUSDT,1655735399999,2022-06-20T14:29:59.999000Z,2022-06-20T14:30:00Z,2022-06-20T15:29:59.999000Z,LONG,NORMAL,,36.0101,35.259899999999995,37.735560000000014,35.259899999999995,SL,-1.0
SOLUSDT,1658491199999,2022-07-22T11:59:59.999000Z,2022-07-22T12:00:00Z,2022-07-22T12:59:59.999000Z,LONG,NORMAL,,44.140100000000004,43.6999,45.152560000000015,43.6999,SL,-1.0
SOLUSDT,1661369399999,2022-08-24T19:29:59.999000Z,2022-08-24T19:30:00Z,2022-08-24T20:29:59.999000Z,LONG,NORMAL,,36.030100000000004,35.799899999999994,36.559560000000026,35.799899999999994,SL,-1.0
SOLUSDT,1663945199999,2022-09-23T14:59:59.999000Z,2022-09-23T15:00:00Z,2022-09-23T15:29:59.999000Z,SHORT,T+1,T+1,31.3699,31.6601,30.702440000000003,31.6601,SL,-1.0
SOLUSDT,1666002599999,2022-10-17T10:29:59.999000Z,2022-10-17T10:30:00Z,2022-10-17T13:59:59.999000Z,LONG,NORMAL,,30.6201,30.3899,31.14956,31.14956,TP,2.3
SOLUSDT,1666358999999,2022-10-21T13:29:59.999000Z,2022-10-21T13:30:00Z,2022-10-21T13:59:59.999000Z,SHORT,NORMAL,,27.2199,27.5601,26.437440000000002,27.5601,SL,-1.0
SOLUSDT,1667208599999,2022-10-31T09:29:59.999000Z,2022-10-31T09:30:00Z,2022-10-31T13:59:59.999000Z,LONG,NORMAL,,33.6901,33.179899999999996,34.863560000000014,33.179899999999996,SL,-1.0
SOLUSDT,1667980799999,2022-11-09T07:59:59.999000Z,2022-11-09T08:00:00Z,2022-11-09T08:59:59.999000Z,SHORT,T-1,T-1,18.0499,19.2601,15.26644,15.26644,TP,2.3
SOLUSDT,1668605399999,2022-11-16T13:29:59.999000Z,2022-11-16T13:30:00Z,2022-11-16T17:59:59.999000Z,SHORT,NORMAL,,13.940900000000001,14.168099999999999,13.418340000000006,14.088,EMA,-0.6474471830985893
SOLUSDT,1669111199999,2022-11-22T09:59:59.999000Z,2022-11-22T10:00:00Z,2022-11-22T13:29:59.999000Z,SHORT,NORMAL,,11.2109,11.3661,10.853940000000003,11.3661,SL,-1.0
SOLUSDT,1672149599999,2022-12-27T13:59:59.999000Z,2022-12-27T14:00:00Z,2022-12-27T14:59:59.999000Z,SHORT,NORMAL,,11.0419,11.1151,10.87354,10.87354,TP,2.3
SOLUSDT,1672340399999,2022-12-29T18:59:59.999000Z,2022-12-29T19:00:00Z,2022-12-29T19:29:59.999000Z,SHORT,NORMAL,,9.0889,9.248099999999999,8.722740000000003,8.722740000000003,TP,2.3
ETHUSDT,1611140399999,2021-01-20T10:59:59.999000Z,2021-01-20T11:00:00Z,2021-01-20T12:29:59.999000Z,SHORT,NORMAL,,1293.18,1317.37,1237.5430000000006,1237.5430000000006,TP,2.3
ETHUSDT,1612250999999,2021-02-02T07:29:59.999000Z,2021-02-02T07:30:00Z,2021-02-02T16:29:59.999000Z,LONG,NORMAL,,1425.71,1406.48,1469.939,1469.939,TP,2.3
ETHUSDT,1613599199999,2021-02-17T21:59:59.999000Z,2021-02-17T22:00:00Z,2021-02-17T22:59:59.999000Z,LONG,NORMAL,,1863.22,1840.3,1915.9360000000001,1840.3,SL,-1.0
ETHUSDT,1616443199999,2021-03-22T19:59:59.999000Z,2021-03-22T20:00:00Z,2021-03-22T20:59:59.999000Z,SHORT,NORMAL,,1737.68,1755.04,1697.7520000000004,1697.7520000000004,TP,2.3
ETHUSDT,1617928199999,2021-04-09T00:29:59.999000Z,2021-04-09T00:30:00Z,2021-04-09T02:29:59.999000Z,LONG,NORMAL,,2094.76,2079.5899999999997,2129.6510000000017,2079.5899999999997,SL,-1.0
ETHUSDT,1618243199999,2021-04-12T15:59:59.999000Z,2021-04-12T16:00:00Z,2021-04-12T18:59:59.999000Z,SHORT,T-1,T-1,2119.45,2138.9900000000002,2074.507999999999,2138.9900000000002,SL,-1.0
ETHUSDT,1619571599999,2021-04-28T00:59:59.999000Z,2021-04-28T01:00:00Z,2021-04-28T02:59:59.999000Z,LONG,T-1,T-1,2699.3100000000004,2677.52,2749.4270000000015,2677.52,SL,-1.0
ETHUSDT,1624618799999,2021-06-25T10:59:59.999000Z,2021-06-25T11:00:00Z,2021-06-25T15:29:59.999000Z,SHORT,NORMAL,,1869.99,1898.36,1804.7390000000003,1804.7390000000003,TP,2.3
ETHUSDT,1624895999999,2021-06-28T15:59:59.999000Z,2021-06-28T16:00:00Z,2021-06-28T17:59:59.999000Z,LONG,NORMAL,,2117.4300000000003,2076.5,2211.569000000001,2076.5,SL,-1.0
ETHUSDT,1629230399999,2021-08-17T19:59:59.999000Z,2021-08-17T20:00:00Z,2021-08-17T20:59:59.999000Z,SHORT,NORMAL,,3102.99,3142.38,3012.392999999999,3012.392999999999,TP,2.3
ETHUSDT,1632263399999,2021-09-21T22:29:59.999000Z,2021-09-21T22:30:00Z,2021-09-21T23:29:59.999000Z,SHORT,T-1,T-1,2760.0,2835.01,2587.4769999999994,2749.31,SESSION,0.14251433142247732
ETHUSDT,1632763799999,2021-09-27T17:29:59.999000Z,2021-09-27T17:30:00Z,2021-09-27T23:29:59.999000Z,SHORT,NORMAL,,2992.33,3028.01,2910.265999999999,2955.85,SESSION,1.0224215246636692
ETHUSDT,1633314599999,2021-10-04T02:29:59.999000Z,2021-10-04T02:30:00Z,2021-10-04T08:29:59.999000Z,SHORT,NORMAL,,3353.64,3382.55,3287.146999999999,3382.55,SL,-1.0
ETHUSDT,1634498999999,2021-10-17T19:29:59.999000Z,2021-10-17T19:30:00Z,2021-10-17T20:29:59.999000Z,SHORT,NORMAL,,3783.1099999999997,3814.51,3710.8899999999985,3710.8899999999985,TP,2.3
ETHUSDT,1638233999999,2021-11-30T00:59:59.999000Z,2021-11-30T01:00:00Z,2021-11-30T01:29:59.999000Z,LONG,NORMAL,,4485.01,4441.01,4586.21,4441.01,SL,-1.0
ETHUSDT,1638826199999,2021-12-06T21:29:59.999000Z,2021-12-06T21:30:00Z,2021-12-06T23:29:59.999000Z,LONG,NORMAL,,4260.01,4197.08,4404.749000000001,4321.23,SESSION,0.9728269505799946
ETHUSDT,1638867599999,2021-12-07T08:59:59.999000Z,2021-12-07T09:00:00Z,2021-12-07T10:29:59.999000Z,LONG,NORMAL,,4417.64,4375.79,4513.895000000001,4375.79,SL,-1.0
ETHUSDT,1641461399999,2022-01-06T09:29:59.999000Z,2022-01-06T09:30:00Z,2022-01-06T14:59:59.999000Z,SHORT,T-1,T-1,3349.99,3408.21,3216.0839999999994,3408.21,SL,-1.0
ETHUSDT,1644911999999,2022-02-15T07:59:59.999000Z,2022-02-15T08:00:00Z,2022-02-15T14:29:59.999000Z,LONG,NORMAL,,3059.9500000000003,3033.0299999999997,3121.8660000000013,3121.8660000000013,TP,2.3
ETHUSDT,1645603199999,2022-02-23T07:59:59.999000Z,2022-02-23T08:00:00Z,2022-02-23T15:29:59.999000Z,LONG,NORMAL,,2697.3100000000004,2664.5099999999998,2772.750000000002,2686.67,EMA,-0.3243902439024427
ETHUSDT,1648175399999,2022-03-25T02:29:59.999000Z,2022-03-25T02:30:00Z,2022-03-25T08:29:59.999000Z,LONG,NORMAL,,3132.7000000000003,3107.6299999999997,3190.3610000000017,3107.6299999999997,SL,-1.0
ETHUSDT,1649258999999,2022-04-06T15:29:59.999000Z,2022-04-06T15:30:00Z,2022-04-06T15:59:59.999000Z,SHORT,NORMAL,,3222.14,3260.01,3135.038999999999,3260.01,SL,-1.0
ETHUSDT,1650914999999,2022-04-25T19:29:59.999000Z,2022-04-25T19:30:00Z,2022-04-25T23:29:59.999000Z,LONG,NORMAL,,2988.1000000000004,2951.58,3072.0960000000014,3011.34,SESSION,0.6363636363636228
ETHUSDT,1652299199999,2022-05-11T19:59:59.999000Z,2022-05-11T20:00:00Z,2022-05-11T23:29:59.999000Z,SHORT,T+1,T+1,2093.06,2168.73,1919.0189999999998,2061.14,SESSION,0.4218316373728035
ETHUSDT,1652327999999,2022-05-12T03:59:59.999000Z,2022-05-12T04:00:00Z,2022-05-12T05:29:59.999000Z,SHORT,T+1,T+1,1968.36,2031.71,1822.6549999999995,1822.6549999999995,TP,2.3
ETHUSDT,1653344999999,2022-05-23T22:29:59.999000Z,2022-05-23T22:30:00Z,2022-05-23T23:29:59.999000Z,SHORT,NORMAL,,1965.9,1992.87,1903.8690000000006,1968.28,SESSION,-0.08824619948090098
ETHUSDT,1654765199999,2022-06-09T08:59:59.999000Z,2022-06-09T09:00:00Z,2022-06-09T11:59:59.999000Z,LONG,T-1,T-1,1819.42,1807.23,1847.457,1807.23,SL,-1.0
ETHUSDT,1656973799999,2022-07-04T22:29:59.999000Z,2022-07-04T22:30:00Z,2022-07-04T23:29:59.999000Z,LONG,NORMAL,,1142.53,1130.61,1169.9460000000001,1151.64,SESSION,0.7642617449664489
ETHUSDT,1657144799999,2022-07-06T21:59:59.999000Z,2022-07-06T22:00:00Z,2022-07-06T22:29:59.999000Z,LONG,T-1,T-1,1162.61,1154.55,1181.1479999999997,1181.1479999999997,TP,2.3
ETHUSDT,1658908799999,2022-07-27T07:59:59.999000Z,2022-07-27T08:00:00Z,2022-07-27T09:29:59.999000Z,LONG,T-1,T-1,1468.51,1458.58,1491.3490000000002,1458.58,SL,-1.0
ETHUSDT,1660715999999,2022-08-17T05:59:59.999000Z,2022-08-17T06:00:00Z,2022-08-17T07:29:59.999000Z,LONG,NORMAL,,1925.01,1908.18,1963.7189999999998,1908.18,SL,-1.0
ETHUSDT,1661410799999,2022-08-25T06:59:59.999000Z,2022-08-25T07:00:00Z,2022-08-25T15:29:59.999000Z,LONG,NORMAL,,1707.01,1692.19,1741.0959999999998,1692.19,SL,-1.0
ETHUSDT,1662731999999,2022-09-09T13:59:59.999000Z,2022-09-09T14:00:00Z,2022-09-09T16:29:59.999000Z,LONG,NORMAL,,1722.89,1710.13,1752.238,1710.13,SL,-1.0
ETHUSDT,1665019799999,2022-10-06T01:29:59.999000Z,2022-10-06T01:30:00Z,2022-10-06T03:29:59.999000Z,LONG,T-1,T-1,1377.1299999999999,1369.28,1395.1849999999997,1369.28,SL,-1.0
ETHUSDT,1665566999999,2022-10-12T09:29:59.999000Z,2022-10-12T09:30:00Z,2022-10-12T11:59:59.999000Z,LONG,T-1,T-1,1304.65,1296.6200000000001,1323.1190000000001,1296.6200000000001,SL,-1.0
ETHUSDT,1666780199999,2022-10-26T10:29:59.999000Z,2022-10-26T10:30:00Z,2022-10-26T12:29:59.999000Z,LONG,NORMAL,,1535.62,1522.96,1564.7379999999996,1522.96,SL,-1.0
ETHUSDT,1666812599999,2022-10-26T19:29:59.999000Z,2022-10-26T19:30:00Z,2022-10-26T20:29:59.999000Z,LONG,NORMAL,,1562.95,1546.55,1600.6700000000003,1546.55,SL,-1.0
ETHUSDT,1671020999999,2022-12-14T12:29:59.999000Z,2022-12-14T12:30:00Z,2022-12-14T13:59:59.999000Z,LONG,T-1,T+1|T-1,1332.99,1326.13,1348.7679999999998,1326.13,SL,-1.0
XRPUSDT,1615804199999,2021-03-15T10:29:59.999000Z,2021-03-15T10:30:00Z,2021-03-15T11:59:59.999000Z,SHORT,NORMAL,,0.4304,0.43479999999999996,0.4202800000000001,0.43479999999999996,SL,-1.0
XRPUSDT,1619416799999,2021-04-26T05:59:59.999000Z,2021-04-26T06:00:00Z,2021-04-26T12:59:59.999000Z,LONG,NORMAL,,1.1631,1.1256,1.2493500000000002,1.2493500000000002,TP,2.3
XRPUSDT,1620674999999,2021-05-10T19:29:59.999000Z,2021-05-10T19:30:00Z,2021-05-10T19:59:59.999000Z,SHORT,T-1,T-1,1.4699,1.5008,1.3988300000000002,1.3988300000000002,TP,2.3
XRPUSDT,1623346199999,2021-06-10T17:29:59.999000Z,2021-06-10T17:30:00Z,2021-06-10T17:59:59.999000Z,SHORT,T+1,T+1,0.8569,0.8664,0.8350500000000001,0.8664,SL,-1.0
XRPUSDT,1624363199999,2021-06-22T11:59:59.999000Z,2021-06-22T12:00:00Z,2021-06-22T12:59:59.999000Z,SHORT,NORMAL,,0.5614,0.5734,0.5337999999999999,0.5337999999999999,TP,2.3
XRPUSDT,1627018199999,2021-07-23T05:29:59.999000Z,2021-07-23T05:30:00Z,2021-07-23T06:29:59.999000Z,LONG,NORMAL,,0.6065,0.6014,0.6182300000000001,0.6014,SL,-1.0
XRPUSDT,1629401399999,2021-08-19T19:29:59.999000Z,2021-08-19T19:30:00Z,2021-08-19T20:29:59.999000Z,LONG,NORMAL,,1.1982,1.1824000000000001,1.2345399999999995,1.1824000000000001,SL,-1.0
XRPUSDT,1632772799999,2021-09-27T19:59:59.999000Z,2021-09-27T20:00:00Z,2021-09-27T21:59:59.999000Z,SHORT,NORMAL,,0.9292,0.9346,0.9167800000000002,0.9346,SL,-1.0
XRPUSDT,1633319999999,2021-10-04T03:59:59.999000Z,2021-10-04T04:00:00Z,2021-10-04T05:59:59.999000Z,SHORT,NORMAL,,1.0259,1.0363,1.00198,1.0363,SL,-1.0
XRPUSDT,1634704199999,2021-10-20T04:29:59.999000Z,2021-10-20T04:30:00Z,2021-10-20T05:59:59.999000Z,LONG,NORMAL,,1.1029,1.0973,1.11578,1.0973,SL,-1.0
XRPUSDT,1634732999999,2021-10-20T12:29:59.999000Z,2021-10-20T12:30:00Z,2021-10-20T13:59:59.999000Z,LONG,NORMAL,,1.1162,1.11,1.13046,1.13046,TP,2.3
XRPUSDT,1642438799999,2022-01-17T16:59:59.999000Z,2022-01-17T17:00:00Z,2022-01-17T17:59:59.999000Z,SHORT,NORMAL,,0.7523,0.7564,0.74287,0.7564,SL,-1.0
XRPUSDT,1643198399999,2022-01-26T11:59:59.999000Z,2022-01-26T12:00:00Z,2022-01-26T12:29:59.999000Z,LONG,T-1,T-1,0.6335,0.6289,0.6440799999999998,0.6289,SL,-1.0
XRPUSDT,1643691599999,2022-02-01T04:59:59.999000Z,2022-02-01T05:00:00Z,2022-02-01T05:59:59.999000Z,LONG,NORMAL,,0.624,0.6214000000000001,0.6299799999999999,0.6214000000000001,SL,-1.0
XRPUSDT,1645608599999,2022-02-23T09:29:59.999000Z,2022-02-23T09:30:00Z,2022-02-23T14:59:59.999000Z,LONG,NORMAL,,0.7332,0.7253000000000001,0.7513699999999998,0.7253000000000001,SL,-1.0
XRPUSDT,1649258999999,2022-04-06T15:29:59.999000Z,2022-04-06T15:30:00Z,2022-04-06T16:29:59.999000Z,SHORT,NORMAL,,0.7719,0.7809,0.7512,0.7809,SL,-1.0
XRPUSDT,1651458599999,2022-05-02T02:29:59.999000Z,2022-05-02T02:30:00Z,2022-05-02T03:59:59.999000Z,LONG,NORMAL,,0.6148,0.6117,0.62193,0.62193,TP,2.3
XRPUSDT,1652331599999,2022-05-12T04:59:59.999000Z,2022-05-12T05:00:00Z,2022-05-12T06:29:59.999000Z,SHORT,T+1,T+1,0.35600000000000004,0.3729,0.31713000000000013,0.3729,SL,-1.0
XRPUSDT,1656061199999,2022-06-24T08:59:59.999000Z,2022-06-24T09:00:00Z,2022-06-24T09:59:59.999000Z,LONG,NORMAL,,0.3842,0.3763,0.4023699999999999,0.3763,SL,-1.0
XRPUSDT,1660040999999,2022-08-09T10:29:59.999000Z,2022-08-09T10:30:00Z,2022-08-09T14:29:59.999000Z,SHORT,T-1,T-1,0.3699,0.37279999999999996,0.3632300000000001,0.3632300000000001,TP,2.3
XRPUSDT,1660179599999,2022-08-11T00:59:59.999000Z,2022-08-11T01:00:00Z,2022-08-11T02:29:59.999000Z,LONG,T+1,T+1,0.3845,0.3817,0.39094000000000007,0.3817,SL,-1.0
XRPUSDT,1662530399999,2022-09-07T05:59:59.999000Z,2022-09-07T06:00:00Z,2022-09-07T06:59:59.999000Z,SHORT,NORMAL,,0.3159,0.3179,0.3113,0.3179,SL,-1.0
XRPUSDT,1664769599999,2022-10-03T03:59:59.999000Z,2022-10-03T04:00:00Z,2022-10-03T04:59:59.999000Z,SHORT,NORMAL,,0.4467,0.45039999999999997,0.43819,0.43819,TP,2.3
XRPUSDT,1664888399999,2022-10-04T12:59:59.999000Z,2022-10-04T13:00:00Z,2022-10-04T14:29:59.999000Z,LONG,NORMAL,,0.4724,0.4678,0.48297999999999996,0.48297999999999996,TP,2.3
XRPUSDT,1670527799999,2022-12-08T19:29:59.999000Z,2022-12-08T19:30:00Z,2022-12-08T20:59:59.999000Z,LONG,NORMAL,,0.3925,0.39,0.39825,0.39,SL,-1.0
