symbol,signal_ms,signal_iso,entry_iso,exit_iso,tclass,side,e,s,t,exit_price,reason,R
SOLUSDT,1613408399999,2021-02-15T16:59:59.999000Z,2021-02-15T17:00:00Z,2021-02-15T18:59:59.999000Z,NORMAL,LONG,9.0748,8.9929,9.263169999999997,9.263169999999997,TP,2.3
SOLUSDT,1613491199999,2021-02-16T15:59:59.999000Z,2021-02-16T16:00:00Z,2021-02-16T16:59:59.999000Z,NORMAL,SHORT,8.3854,8.522,8.071220000000002,8.071220000000002,TP,2.3
SOLUSDT,1628783999999,2021-08-12T15:59:59.999000Z,2021-08-12T16:00:00Z,2021-08-12T17:29:59.999000Z,T+1,SHORT,39.793899999999994,40.243100000000005,38.76073999999997,40.243100000000005,SL,-1
SOLUSDT,1647588599999,2022-03-18T07:29:59.999000Z,2022-03-18T07:30:00Z,2022-03-18T14:29:59.999000Z,T+1,SHORT,85.8899,86.6901,84.04943999999999,86.23,EMA,-0.425018745313678
SOLUSDT,1655735399999,2022-06-20T14:29:59.999000Z,2022-06-20T14:30:00Z,2022-06-20T15:29:59.999000Z,NORMAL,LONG,36.0101,35.259899999999995,37.735560000000014,35.259899999999995,SL,-1
SOLUSDT,1663945199999,2022-09-23T14:59:59.999000Z,2022-09-23T15:00:00Z,2022-09-23T15:29:59.999000Z,T+1,SHORT,31.3699,31.6601,30.702440000000003,31.6601,SL,-1
SOLUSDT,1666002599999,2022-10-17T10:29:59.999000Z,2022-10-17T10:30:00Z,2022-10-17T13:59:59.999000Z,NORMAL,LONG,30.6201,30.3899,31.14956,31.14956,TP,2.3
SOLUSDT,1667208599999,2022-10-31T09:29:59.999000Z,2022-10-31T09:30:00Z,2022-10-31T13:59:59.999000Z,NORMAL,LONG,33.6901,33.179899999999996,34.863560000000014,33.179899999999996,SL,-1
SOLUSDT,1669111199999,2022-11-22T09:59:59.999000Z,2022-11-22T10:00:00Z,2022-11-22T13:29:59.999000Z,NORMAL,SHORT,11.2109,11.3661,10.853940000000003,11.3661,SL,-1
SOLUSDT,1678892399999,2023-03-15T14:59:59.999000Z,2023-03-15T15:00:00Z,2023-03-15T16:59:59.999000Z,T+1,SHORT,19.8029,20.2771,18.71224,18.71224,TP,2.3
SOLUSDT,1695027599999,2023-09-18T08:59:59.999000Z,2023-09-18T09:00:00Z,2023-09-18T09:59:59.999000Z,NORMAL,LONG,19.1581,19.076900000000002,19.344859999999997,19.344859999999997,TP,2.3
SOLUSDT,1697727599999,2023-10-19T14:59:59.999000Z,2023-10-19T15:00:00Z,2023-10-19T16:29:59.999000Z,NORMAL,LONG,24.4941,24.2129,25.140859999999996,25.140859999999996,TP,2.3
SOLUSDT,1704124799999,2024-01-01T15:59:59.999000Z,2024-01-01T16:00:00Z,2024-01-01T23:29:59.999000Z,NORMAL,LONG,106.5001,105.0249,109.89306,109.102,SESSION,1.763760845986984
SOLUSDT,1727778599999,2024-10-01T10:29:59.999000Z,2024-10-01T10:30:00Z,2024-10-01T11:59:59.999000Z,NORMAL,LONG,157.0591,156.4459,158.46946000000003,156.4459,SL,-1
SOLUSDT,1730822399999,2024-11-05T15:59:59.999000Z,2024-11-05T16:00:00Z,2024-11-05T19:59:59.999000Z,NORMAL,LONG,166.1401,164.5199,169.86655999999994,164.5199,SL,-1
SOLUSDT,1732181399999,2024-11-21T09:29:59.999000Z,2024-11-21T09:30:00Z,2024-11-21T09:59:59.999000Z,NORMAL,LONG,243.2901,241.8699,246.55656,241.8699,SL,-1
SOLUSDT,1732892399999,2024-11-29T14:59:59.999000Z,2024-11-29T15:00:00Z,2024-11-29T15:59:59.999000Z,NORMAL,LONG,245.1501,242.7599,250.64756000000006,242.7599,SL,-1
SOLUSDT,1735658999999,2024-12-31T15:29:59.999000Z,2024-12-31T15:30:00Z,2024-12-31T17:59:59.999000Z,NORMAL,LONG,198.1901,196.3799,202.35356000000002,196.3799,SL,-1
SOLUSDT,1735723799999,2025-01-01T09:29:59.999000Z,2025-01-01T09:30:00Z,2025-01-01T10:29:59.999000Z,NORMAL,SHORT,188.0399,189.6601,184.31343999999996,189.6601,SL,-1
SOLUSDT,1740061799999,2025-02-20T14:29:59.999000Z,2025-02-20T14:30:00Z,2025-02-20T14:59:59.999000Z,NORMAL,LONG,175.7901,173.9399,180.04556,173.9399,SL,-1
SOLUSDT,1746775799999,2025-05-09T07:29:59.999000Z,2025-05-09T07:30:00Z,2025-05-09T08:59:59.999000Z,T+1,LONG,165.6201,163.9799,169.39256000000006,169.39256000000006,TP,2.3
SOLUSDT,1752058799999,2025-07-09T10:59:59.999000Z,2025-07-09T11:00:00Z,2025-07-09T11:59:59.999000Z,NORMAL,LONG,153.1601,152.6799,154.26456,154.26456,TP,2.3
SOLUSDT,1753264799999,2025-07-23T09:59:59.999000Z,2025-07-23T10:00:00Z,2025-07-23T12:59:59.999000Z,NORMAL,SHORT,197.5299,198.5901,195.09143999999998,195.09143999999998,TP,2.3
SOLUSDT,1765184399999,2025-12-08T08:59:59.999000Z,2025-12-08T09:00:00Z,2025-12-08T15:29:59.999000Z,NORMAL,LONG,136.9101,135.7799,139.50956,135.7799,SL,-1
SOLUSDT,1774432799999,2026-03-25T09:59:59.999000Z,2026-03-25T10:00:00Z,2026-03-25T14:29:59.999000Z,NORMAL,LONG,92.6101,92.0899,93.80656,92.0899,SL,-1
ETHUSDT,1611140399999,2021-01-20T10:59:59.999000Z,2021-01-20T11:00:00Z,2021-01-20T12:29:59.999000Z,NORMAL,SHORT,1293.18,1317.37,1237.5430000000006,1237.5430000000006,TP,2.3
ETHUSDT,1612250999999,2021-02-02T07:29:59.999000Z,2021-02-02T07:30:00Z,2021-02-02T16:29:59.999000Z,NORMAL,LONG,1425.71,1406.48,1469.939,1469.939,TP,2.3
ETHUSDT,1624618799999,2021-06-25T10:59:59.999000Z,2021-06-25T11:00:00Z,2021-06-25T15:29:59.999000Z,NORMAL,SHORT,1869.99,1898.36,1804.7390000000003,1804.7390000000003,TP,2.3
ETHUSDT,1624895999999,2021-06-28T15:59:59.999000Z,2021-06-28T16:00:00Z,2021-06-28T17:59:59.999000Z,NORMAL,LONG,2117.4300000000003,2076.5,2211.569000000001,2076.5,SL,-1
ETHUSDT,1638867599999,2021-12-07T08:59:59.999000Z,2021-12-07T09:00:00Z,2021-12-07T10:29:59.999000Z,NORMAL,LONG,4417.64,4375.79,4513.895000000001,4375.79,SL,-1
ETHUSDT,1644911999999,2022-02-15T07:59:59.999000Z,2022-02-15T08:00:00Z,2022-02-15T14:29:59.999000Z,NORMAL,LONG,3059.9500000000003,3033.0299999999997,3121.8660000000013,3121.8660000000013,TP,2.3
ETHUSDT,1645603199999,2022-02-23T07:59:59.999000Z,2022-02-23T08:00:00Z,2022-02-23T15:29:59.999000Z,NORMAL,LONG,2697.3100000000004,2664.5099999999998,2772.750000000002,2686.67,EMA,-0.3243902439024427
ETHUSDT,1649258999999,2022-04-06T15:29:59.999000Z,2022-04-06T15:30:00Z,2022-04-06T15:59:59.999000Z,NORMAL,SHORT,3222.14,3260.01,3135.038999999999,3260.01,SL,-1
ETHUSDT,1662737399999,2022-09-09T15:29:59.999000Z,2022-09-09T15:30:00Z,2022-09-09T15:59:59.999000Z,NORMAL,LONG,1730.43,1716.59,1762.2620000000004,1716.59,SL,-1
ETHUSDT,1666780199999,2022-10-26T10:29:59.999000Z,2022-10-26T10:30:00Z,2022-10-26T12:29:59.999000Z,NORMAL,LONG,1535.62,1522.96,1564.7379999999996,1522.96,SL,-1
ETHUSDT,1676046599999,2023-02-10T16:29:59.999000Z,2023-02-10T16:30:00Z,2023-02-10T19:59:59.999000Z,NORMAL,SHORT,1519.8,1535.0,1484.84,1535.0,SL,-1
ETHUSDT,1679902199999,2023-03-27T07:29:59.999000Z,2023-03-27T07:30:00Z,2023-03-27T08:59:59.999000Z,NORMAL,SHORT,1749.99,1755.0,1738.467,1755.0,SL,-1
ETHUSDT,1693207799999,2023-08-28T07:29:59.999000Z,2023-08-28T07:30:00Z,2023-08-28T09:29:59.999000Z,NORMAL,SHORT,1640.22,1643.06,1633.6880000000003,1633.6880000000003,TP,2.3
ETHUSDT,1698677999999,2023-10-30T14:59:59.999000Z,2023-10-30T15:00:00Z,2023-10-30T16:59:59.999000Z,NORMAL,LONG,1820.31,1811.54,1840.481,1811.54,SL,-1
ETHUSDT,1700470799999,2023-11-20T08:59:59.999000Z,2023-11-20T09:00:00Z,2023-11-20T14:29:59.999000Z,NORMAL,LONG,2020.62,2009.45,2046.3109999999995,2009.45,SL,-1
ETHUSDT,1732609799999,2024-11-26T08:29:59.999000Z,2024-11-26T08:30:00Z,2024-11-26T21:59:59.999000Z,NORMAL,SHORT,3354.99,3399.8300000000004,3251.8579999999984,3326.4,EMA,0.6376003568242486
ETHUSDT,1732724999999,2024-11-27T16:29:59.999000Z,2024-11-27T16:30:00Z,2024-11-27T17:29:59.999000Z,NORMAL,LONG,3575.19,3541.12,3653.5510000000004,3541.12,SL,-1
ETHUSDT,1734685199999,2024-12-20T08:59:59.999000Z,2024-12-20T09:00:00Z,2024-12-20T10:29:59.999000Z,T+1,SHORT,3279.99,3331.26,3162.0689999999986,3162.0689999999986,TP,2.3
ETHUSDT,1755851399999,2025-08-22T08:29:59.999000Z,2025-08-22T08:30:00Z,2025-08-22T09:29:59.999000Z,NORMAL,LONG,4350.8,4324.99,4410.163000000001,4324.99,SL,-1
ETHUSDT,1756745999999,2025-09-01T16:59:59.999000Z,2025-09-01T17:00:00Z,2025-09-01T19:59:59.999000Z,NORMAL,SHORT,4344.429999999999,4365.96,4294.910999999998,4365.96,SL,-1
ETHUSDT,1763710199999,2025-11-21T07:29:59.999000Z,2025-11-21T07:30:00Z,2025-11-21T07:59:59.999000Z,T+1,SHORT,2753.3199999999997,2799.28,2647.6119999999987,2647.6119999999987,TP,2.3
ETHUSDT,1770116399999,2026-02-03T10:59:59.999000Z,2026-02-03T11:00:00Z,2026-02-03T12:29:59.999000Z,NORMAL,SHORT,2274.99,2291.0200000000004,2238.1209999999983,2291.0200000000004,SL,-1
ETHUSDT,1770393599999,2026-02-06T15:59:59.999000Z,2026-02-06T16:00:00Z,2026-02-06T17:29:59.999000Z,NORMAL,LONG,1996.41,1968.54,2060.5110000000004,2060.5110000000004,TP,2.3
ETHUSDT,1774430999999,2026-03-25T09:29:59.999000Z,2026-03-25T09:30:00Z,2026-03-25T12:29:59.999000Z,NORMAL,LONG,2183.36,2173.77,2205.4170000000004,2173.77,SL,-1
ETHUSDT,1783070999999,2026-07-03T09:29:59.999000Z,2026-07-03T09:30:00Z,2026-07-03T20:59:59.999000Z,T+1,LONG,1729.26,1716.18,1759.3439999999998,1759.3439999999998,TP,2.3
