,wealth
2016-03-21,1.0
2016-03-22,1.0038989633418551
2016-03-23,1.0020420490769395
2016-03-24,1.0064983529051887
2016-03-28,0.9940585035686248
2016-03-29,1.0157815528607885
2016-03-30,1.0220938835975557
2016-03-31,1.0254362324718878
2016-04-01,1.0317490472212354
2016-04-04,1.0291496576579018
2016-04-05,1.012996786479141
2016-04-06,1.0233936993823676
2016-04-07,1.011139630207935
2016-04-08,1.0103973969158073
2016-04-11,1.0083549444950506
2016-04-12,1.0146675979068716
2016-04-13,1.0276643037172488
2016-04-14,1.0278499225418534
2016-04-15,1.033234159155598
2016-04-18,1.0482732367179688
2016-04-19,1.046973420933157
2016-04-20,1.0321203655392077
2016-04-21,1.035648091231854
2016-04-22,0.961381362224367
2016-04-25,0.9675083968115833
2016-04-26,0.9550684668062559
2016-04-27,0.9457851861818926
2016-04-28,0.9264758269596943
2016-04-29,0.9259190511546442
2016-05-02,0.9396583936009665
2016-05-03,0.9242477557143332
2016-05-04,0.9259190511546442
2016-05-05,0.927218624933166
2016-05-06,0.9355738114345068
2016-05-09,0.9296324763406584
2016-05-10,0.9472707014600723
2016-05-11,0.9478277999401761
2016-05-12,0.9563684439285945
2016-05-13,0.9483844950764627
2016-05-16,0.9623096983536796
2016-05-17,0.9443608984951404
2016-05-18,0.9499702009587967
2016-05-19,0.9408088108359446
2016-05-20,0.946417548618257
2016-05-23,0.9353864178971073
2016-05-24,0.9645530966640885
2016-05-25,0.9744620442174533
2016-05-26,0.9701624797965082
2016-05-27,0.9782019287578656
2016-05-31,0.9909150838648598
2016-06-01,0.9881107149737036
2016-06-02,0.9811932878426043
2016-06-03,0.9682924971919203
2016-06-06,0.9746491957485626
2016-06-07,0.9740883058365787
2016-06-08,0.972966768018901
2016-06-09,0.9651140672448358
2016-06-10,0.9624965272097352
2016-06-13,0.9374433906952776
2016-06-14,0.9316472593755657
2016-06-15,0.9290300420155188
2016-06-16,0.9421176615222583
2016-06-17,0.9372563198329318
2016-06-20,0.9361347013464907
2016-06-21,0.9570744569459516
2016-06-22,0.9533353790931733
2016-06-23,0.970536056839856
2016-06-24,0.9316472593755657
2016-06-27,0.9054723430371402
2016-06-28,0.9243556098510113
2016-06-29,0.9449217884071243
2016-06-30,0.9567006378963135
2016-07-01,0.9565136477027311
2016-07-05,0.9567006378963135
2016-07-06,0.9606269479489644
2016-07-07,0.9606269479489644
2016-07-08,0.9778277063644105
2016-07-11,0.9832496152906673
2016-07-12,0.9948415552550375
2016-07-13,1.00045029303735
2016-07-14,1.0047506641459292
2016-07-15,1.0040027840403627
2016-07-18,1.0088639643921624
2016-07-19,0.992597834269575
2016-07-20,1.0453222120149346
2016-07-21,1.0432654005542912
2016-07-22,1.0576620320848713
2016-07-25,1.0606532298320832
2016-07-26,1.0612142004128304
2016-07-27,1.0505572114163724
2016-07-28,1.0509311111347739
2016-07-29,1.0597186015392246
2016-08-01,1.057848860940927
2016-08-02,1.057848860940927
2016-08-03,1.065140429796718
2016-08-04,1.0729929692332563
2016-08-05,1.0836501195672412
2016-08-08,1.0855197794967753
2016-08-09,1.088137319531876
2016-08-10,1.0847719800599724
2016-08-11,1.0900068987926468
2016-08-12,1.0832760585113128
2016-08-15,1.0866412366456895
2016-08-16,1.0806211688387537
2016-08-17,1.082879006857813
2016-08-18,1.0836312430766033
2016-08-19,1.0840075628579071
2016-08-22,1.0849482413080214
2016-08-23,1.0890872748897822
2016-08-24,1.0902159115586398
2016-08-25,1.094354783802874
2016-08-26,1.0917209486775648
2016-08-29,1.0930379469089828
2016-08-30,1.0890872748897822
2016-08-31,1.080997569288821
2016-09-01,1.0834432041890967
2016-09-02,1.0849482413080214
2016-09-06,1.0838196853079272
2016-09-07,1.0847601217517513
2016-09-08,1.0804333719575372
2016-09-09,1.057481172717308
2016-09-12,1.0732841834691633
2016-09-13,1.063501482530534
2016-09-14,1.0584218511674222
2016-09-15,1.0759180185944726
2016-09-16,1.077046816600857
2016-09-19,1.0710265874563945
2016-09-20,1.0736663750042694
2016-09-21,1.0824050477399767
2016-09-22,1.0874111566641749
2016-09-23,1.0814949450649018
2016-09-26,1.0721190916143848
2016-09-27,1.085226873963243
2016-09-28,1.086774429458771
2016-09-29,1.0674765158296824
2016-09-30,1.0753047230827903
2016-10-03,1.0814949450649018
2016-10-04,1.0815855562441326
2016-10-05,1.0848628873143418
2016-10-06,1.0809488290387281
2016-10-07,1.0854089126386341
2016-10-10,1.090506358357112
2016-10-11,1.0708443673772412
2016-10-12,1.073848685785304
2016-10-13,1.0764881105256545
2016-10-14,1.0701163033775574
2016-10-17,1.0785818727492371
2016-10-18,1.0505452863844416
2016-10-19,1.043081065780235
2016-10-20,1.045629970043236
2016-10-21,1.0326132523830143
2016-10-24,1.03416062647478
2016-10-25,1.0373463486450665
2016-10-26,1.042808234521851
2016-10-27,1.05318534603796
2016-10-28,1.0498174037885202
2016-10-31,1.055825042883954
2016-11-01,1.0499086498809185
2016-11-02,1.0455389960564812
2016-11-03,1.047086551552009
2016-11-04,1.0478147969554548
2016-11-07,1.0619237466680238
2016-11-08,1.0654741811022603
2016-11-09,1.0951486620361712
2016-11-10,1.088139674173264
2016-11-11,1.0783996526700839
2016-11-14,1.0613778120456123
2016-11-15,1.0588289077826112
2016-11-16,1.0591930758352748
2016-11-17,1.0611045272778228
2016-11-18,1.057346748343365
2016-11-21,1.0540473767160456
2016-11-22,1.0333327904058736
2016-11-23,1.0363574260353055
2016-11-25,1.0460729580305856
2016-11-28,1.036907442242367
2016-11-29,1.0309495984796635
2016-11-30,1.0201340340702605
2016-12-01,1.0208672680771675
2016-12-02,1.0261834867328867
2016-12-05,1.0259999968273978
2016-12-06,1.0270999385396393
2016-12-07,1.018301130456755
2016-12-08,1.0172929790481986
2016-12-09,1.0289332049606692
2016-12-12,1.057346748343365
2016-12-13,1.0622047410957078
2016-12-14,1.0539553143067173
2016-12-15,1.0622047410957078
2016-12-16,1.0621127693882606
2016-12-19,1.063396019602229
2016-12-20,1.0600964665711474
2016-12-21,1.0568883410362264
2016-12-22,1.058079891648391
2016-12-23,1.0628460033951677
2016-12-27,1.0623875053861478
2016-12-28,1.0549634657152738
2016-12-29,1.0585381175517672
2016-12-30,1.0559717985275927
2017-01-03,1.0617464244904504
2017-01-04,1.0600047669693435
2017-01-05,1.0710948859728715
2017-01-06,1.0659625200301657
2017-01-09,1.065779120826558
2017-01-10,1.0646794512199595
2017-01-11,1.0515723944861506
2017-01-12,1.050564333779475
2017-01-13,1.0503808438739861
2017-01-17,1.0528554632963567
2017-01-18,1.0512973863826198
2017-01-19,1.04671458313757
2017-01-20,1.0462559944266692
2017-01-23,1.0440566552134725
2017-01-24,1.024350311013738
2017-01-25,1.0338826252091726
2017-01-26,1.0250837264244073
2017-01-27,1.039198934566773
2017-01-30,1.036907442242367
2017-01-31,1.0380072932527273
2017-02-01,1.0378238940491196
2017-02-02,1.040940501385999
2017-02-03,1.0415816729835774
2017-02-06,1.0393819709628564
2017-02-07,1.040115567777288
2017-02-08,1.0393819709628564
2017-02-09,1.0456148228290905
2017-02-10,1.0562468066311235
2017-02-13,1.0621127693882606
2017-02-14,1.066512354833465
2017-02-15,1.0742114026078697
2017-02-16,1.0822772487894903
2017-02-17,1.089426461760596
2017-02-21,1.0967589832334284
2017-02-22,1.0954753702119353
2017-02-23,1.1154569039189628
2017-02-24,1.1323407869822633
2017-02-27,1.1292961062371056
2017-02-28,1.127543473788384
2017-03-01,1.1427665147066481
2017-03-02,1.1406443627942775
2017-03-03,1.1421207173131327
2017-03-06,1.1413826761065267
2017-03-07,1.1424897832673762
2017-03-08,1.1449806383264658
2017-03-09,1.1620496439291153
2017-03-10,1.1644482551751143
2017-03-13,1.1687845307073026
2017-03-14,1.172198277406704
2017-03-15,1.1898207458878969
2017-03-16,1.1852073761089124
2017-03-17,1.181516625864596
2017-03-20,1.1816091417833299
2017-03-21,1.146960341490245
2017-03-22,1.148797408705814
2017-03-23,1.146960341490245
2017-03-24,1.1456475995899817
2017-03-27,1.1449913572139836
2017-03-28,1.1628407898335646
2017-03-29,1.1585098987298956
2017-03-30,1.1684846799857633
2017-03-31,1.1528663943000965
2017-04-03,1.148666391664054
2017-04-04,1.1524944293326664
2017-04-05,1.1377104611975193
2017-04-06,1.1415382417178654
2017-04-07,1.1375782869885604
2017-04-10,1.1336182036851223
2017-04-11,1.131638547755803
2017-04-12,1.1272821989737545
2017-04-13,1.1140823927341161
2017-04-17,1.1333543695637376
2017-04-18,1.1241143894792704
2017-04-19,1.1148741522465373
2017-04-20,1.1292623691996069
2017-04-21,1.1156660403330916
2017-04-24,1.155002010653022
2017-04-25,1.1650343931205762
2017-04-26,1.16727826889368
2017-04-27,1.1564546412102377
2017-04-28,1.1484021718202695
2017-05-01,1.1491945742033567
2017-05-02,1.1418025901357831
2017-05-03,1.1484021718202695
2017-05-04,1.1497224995943929
2017-05-05,1.1484021718202695
2017-05-08,1.1497224995943929
2017-05-09,1.1451023166909595
2017-05-10,1.1540783340799086
2017-05-11,1.1505145162550805
2017-05-12,1.1473465781864634
2017-05-15,1.1528899233664773
2017-05-16,1.1564546412102377
2017-05-17,1.1123664423520485
2017-05-18,1.1082744419879178
2017-05-19,1.1190981982454935
2017-05-22,1.118041833166888
2017-05-23,1.132034170363747
2017-05-24,1.131374713634418
2017-05-25,1.126622485096159
2017-05-26,1.1267545307309847
2017-05-30,1.1074824253272302
2017-05-31,1.0843822822548632
2017-06-01,1.0963943206517368
2017-06-02,1.0908503326010568
2017-06-05,1.0928306314010423
2017-06-06,1.0950742500258797
2017-06-07,1.1076147281103224
2017-06-08,1.121342459740997
2017-06-09,1.1478743750033664
2017-06-12,1.1481384662730176
2017-06-13,1.1519666325157634
2017-06-14,1.149590196811301
2017-06-15,1.1427265238571633
2017-06-16,1.1375782869885604
2017-06-19,1.162526426077821
2017-06-20,1.1552662304968067
2017-06-21,1.149986462289911
2017-06-22,1.1486662630899207
2017-06-23,1.146554175803376
2017-06-26,1.1515704956112862
2017-06-27,1.162262591956436
2017-06-28,1.185626569150188
2017-06-29,1.203182852746008
2017-06-30,1.2064820650046517
2017-07-03,1.2310368958203661
2017-07-05,1.2433803983327028
2017-07-06,1.2393984574266157
2017-07-07,1.245636874370863
2017-07-10,1.2368768615257382
2017-07-11,1.2320985324384337
2017-07-12,1.2278514716696296
2017-07-13,1.2356822792539122
2017-07-14,1.224400799082043
2017-07-17,1.2129865018305488
2017-07-18,1.208739183913478
2017-07-19,1.2104641344848717
2017-07-20,1.2104641344848717
2017-07-21,1.2063498907956927
2017-07-24,1.2115260282512061
2017-07-25,1.2317004669219582
2017-07-26,1.220153224016706
2017-07-27,1.2151097750666842
2017-07-28,1.2115260282512061
2017-07-31,1.2184284020194454
2017-08-01,1.2347528168448032
2017-08-02,1.235814967759404
2017-08-03,1.2277192974606708
2017-08-04,1.2431151498958521
2017-08-07,1.2478933504090233
2017-08-08,1.2433803983327028
2017-08-09,1.241389942176192
2017-08-10,1.2236044109008255
2017-08-11,1.213384438772891
2017-08-14,1.2275858375103794
2017-08-15,1.2307715188093822
2017-08-16,1.222276882975241
2017-08-17,1.203164338070823
2017-08-18,1.2043591774909157
2017-08-21,1.2028990896339726
2017-08-22,1.2152425921463093
2017-08-23,1.2167024228549859
2017-08-24,1.214711709550209
2017-08-25,1.2196225985688718
2017-08-28,1.2157732175941434
2017-08-29,1.2091371208558204
2017-08-30,1.2119243509159479
2017-08-31,1.2063498907956927
2017-09-01,1.2171003597973282
2017-09-05,1.188033605498359
2017-09-06,1.1959972301622663
2017-09-07,1.1750264033102966
2017-09-08,1.1735663154533535
2017-09-11,1.1917497836710624
2017-09-12,1.2063498907956927
2017-09-13,1.209800820531546
2017-09-14,1.2074113988396271
2017-09-15,1.2160388517533935
2017-09-18,1.2332931147102597
2017-09-19,1.2378875397032074
2017-09-20,1.2296828167600053
2017-09-21,1.2177046907562898
2017-09-22,1.220986030295457
2017-09-25,1.20211626680232
2017-09-26,1.20211626680232
2017-09-27,1.2117973177190902
2017-09-28,1.2121257264920637
2017-09-29,1.2222988409301805
2017-10-02,1.224267782063209
2017-10-03,1.2185254378696668
2017-10-04,1.2255807301074613
2017-10-05,1.2465846009868127
2017-10-06,1.2470768019176877
2017-10-09,1.2518351564780652
2017-10-10,1.2518351564780652
2017-10-11,1.2539683019975805
2017-10-12,1.2654546392990065
2017-10-13,1.2715258044941076
2017-10-16,1.274151150944498
2017-10-17,1.273166474263691
2017-10-18,1.2734951578557216
2017-10-19,1.278417441983529
2017-10-20,1.2931856684622356
2017-10-23,1.2935138024161523
2017-10-24,1.2940057285279705
2017-10-25,1.2902319132388715
2017-10-26,1.2923649213488584
2017-10-27,1.3752301497036858
2017-10-30,1.3765432351574665
2017-10-31,1.3648917316028548
2017-11-01,1.3648917316028548
2017-11-02,1.379168031969743
2017-11-03,1.380644909581425
2017-11-06,1.386059806868693
2017-11-07,1.3827776428723553
2017-11-08,1.3875368218899033
2017-11-09,1.3798247121061618
2017-11-10,1.3762146889749645
2017-11-13,1.3771989534271862
2017-11-14,1.379168031969743
2017-11-15,1.3684488520656024
2017-11-16,1.3720766010259688
2017-11-17,1.3588841870194217
2017-11-20,1.3610275008440418
2017-11-21,1.3806521922864325
2017-11-22,1.3705925781188077
2017-11-24,1.3730664992688566
2017-11-27,1.3831262508460098
2017-11-28,1.3997823468359647
2017-11-29,1.3743852185133032
2017-11-30,1.3880734060984647
2017-12-01,1.3895577038246827
2017-12-04,1.337115219885712
2017-12-05,1.3455261945311034
2017-12-06,1.3651506111544374
2017-12-07,1.3603679351075257
2017-12-08,1.387908514664336
2017-12-11,1.405554234078122
2017-12-12,1.411326533548864
2017-12-13,1.4075330686971983
2017-12-14,1.396649134768457
2017-12-15,1.4322702190547585
2017-12-18,1.4245192223744683
2017-12-19,1.415449094221146
2017-12-20,1.410336497896448
2017-12-21,1.410006989847247
2017-12-22,1.4101717438718475
2017-12-26,1.4083576632773718
2017-12-27,1.4134702596020696
2017-12-28,1.4136350136266702
2017-12-29,1.410666555583763
2018-01-02,1.4174282036592794
2018-01-03,1.4240245480720812
2018-01-04,1.4365578085706978
2018-01-05,1.4543685568281413
2018-01-08,1.455852854554359
2018-01-09,1.4548633685400565
2018-01-10,1.4482667493081975
2018-01-11,1.4525539265955516
2018-01-12,1.4776211346404267
2018-01-16,1.4570069571837334
2018-01-17,1.4865267835882054
2018-01-18,1.4858669430326326
2018-01-19,1.4842176164627572
2018-01-22,1.510768710005265
2018-01-23,1.5155515234617047
2018-01-24,1.5142318423505592
2018-01-25,1.5226425421768939
2018-01-26,1.5511727451575348
2018-01-29,1.5488638528511436
2018-01-30,1.5294040528428816
2018-01-31,1.5668396299522442
2018-02-01,1.5544707112496432
2018-02-02,1.5135721392045147
2018-02-05,1.4512353447606334
2018-02-06,1.5061510628020107
2018-02-07,1.477786438303141
2018-02-08,1.401926347708227
2018-02-09,1.454203253165427
2018-02-12,1.4698701379601364
2018-02-13,1.4814141872635074
2018-02-14,1.504610427169132
2018-02-15,1.5352629203165418
2018-02-16,1.5243277326336921
2018-02-20,1.536257078254811
2018-02-21,1.5158774588631663
2018-02-22,1.5198539532067155
2018-02-23,1.5584588854031098
2018-02-26,1.5809926739721212
2018-02-27,1.5607783582431909
2018-02-28,1.5536539490125907
2018-03-01,1.5384106977940644
2018-03-02,1.5417246033914718
2018-03-05,1.5514999172447523
2018-03-06,1.54619824540892
2018-03-07,1.5551453920342877
2018-03-08,1.5645895489240258
2018-03-09,1.5995495559689985
2018-03-12,1.6033604718307763
2018-03-13,1.5642581171414265
2018-03-14,1.5549792639144027
2018-03-15,1.560447338689177
2018-03-16,1.5674060320284775
2018-03-19,1.5390736987687912
2018-03-20,1.543050055702812
2018-03-21,1.532280583911262
2018-03-22,1.4877101544471376
2018-03-23,1.4444658643419959
2018-03-26,1.5538196649038902
2018-03-27,1.4824082077922482
2018-03-28,1.481083030299965
2018-03-29,1.5122318466641027
2018-04-02,1.4666680837188797
2018-04-03,1.486384564726269
2018-04-04,1.5297948455417671
2018-04-05,1.530623287588737
2018-04-06,1.4950006917976228
2018-04-09,1.5039478384229903
2018-04-10,1.538907845467963
2018-04-11,1.522007297926912
2018-04-12,1.55050603412554
2018-04-13,1.5422213388367854
2018-04-16,1.5602818976169341
2018-04-17,1.5917622831731997
2018-04-18,1.5978926718750588
2018-04-19,1.5924251467383983
2018-04-20,1.5740335684042353
2018-04-23,1.5798323879139669
2018-04-24,1.5428840649924556
2018-04-25,1.529463688578225
2018-04-26,1.5617730658195739
2018-04-27,1.5876202103478791
2018-04-30,1.5495120135967986
2018-05-01,1.5740335684042353
2018-05-02,1.5493462977054993
2018-05-03,1.5586246012944094
2018-05-04,1.5766846104364445
2018-05-07,1.594247609314109
2018-05-08,1.5874547692756367
2018-05-09,1.6061770923447563
2018-05-10,1.6222486482007243
2018-05-11,1.6187691641215456
2018-05-14,1.6242366892582063
2018-05-15,1.612473471756972
2018-05-16,1.6166331330019328
2018-05-17,1.6004920479245741
2018-05-18,1.6034871634159986
2018-05-21,1.6241218148924295
2018-05-22,1.622457510683954
2018-05-23,1.6417602516012082
2018-05-24,1.6359366983763575
2018-05-25,1.636768575661538
2018-05-29,1.6309443353890452
2018-05-30,1.6465863490591068
2018-05-31,1.6447555045021613
2018-06-01,1.677205314281577
2018-06-04,1.6918486354989308
2018-06-05,1.7005018631429638
2018-06-06,1.705494363539804
2018-06-07,1.6787028033225253
2018-06-08,1.691183435971749
2018-06-11,1.681531790694065
2018-06-12,1.6858581296970245
2018-06-13,1.6782034570961712
2018-06-14,1.6876886994349132
2018-06-15,1.6662224454923584
2018-06-18,1.6783699974446413
2018-06-19,1.6783699974446413
2018-06-20,1.6951768316872962
2018-06-21,1.6830296919635985
2018-06-22,1.6708817277827301
2018-06-25,1.6372677844783639
2018-06-26,1.6487495872653508
2018-06-27,1.6231233972587786
2018-06-28,1.6412615924224965
2018-06-29,1.6409289239541411
2018-07-02,1.6642253354059995
2018-07-03,1.6482503784485256
2018-07-05,1.6600656741610387
2018-07-06,1.6833619482033686
2018-07-09,1.6948440258094124
2018-07-10,1.6993369051608425
2018-07-11,1.6970075388347134
2018-07-12,1.7337830005694463
2018-07-13,1.7544175146363488
2018-07-16,1.7457645618113729
2018-07-17,1.7630706048708533
2018-07-18,1.749258886119623
2018-07-19,1.7372775996967535
2018-07-20,1.768395498916992
2018-07-23,1.7966848229942765
2018-07-24,1.7915259196584938
2018-07-25,1.8442767505792859
2018-07-26,1.8241417201482661
2018-07-27,1.7918587255363776
2018-07-30,1.7534188221836409
2018-07-31,1.76523356825804
2018-08-01,1.7685624514940477
2018-08-02,1.7900282932080174
2018-08-03,1.7978495061573405
2018-08-06,1.7993468577887606
2018-08-07,1.8118273530284557
2018-08-08,1.821978207122965
2018-08-09,1.8249733226143898
2018-08-10,1.8138243257052864
2018-08-13,1.8006780813002952
2018-08-14,1.8231433025146149
2018-08-15,1.7984201679289555
2018-08-16,1.798086125365316
2018-08-17,1.7970837228553398
2018-08-20,1.7852232194079698
2018-08-21,1.770356470297371
2018-08-22,1.7883976543340099
2018-08-23,1.7967498177012287
2018-08-24,1.8107816665170209
2018-08-27,1.8308272433450261
2018-08-28,1.841852571678533
2018-08-29,1.8712525769742043
2018-08-30,1.8700825348395305
2018-08-31,1.8764311298725538
2018-09-04,1.8660741614853833
2018-09-05,1.8122852015772204
2018-09-06,1.8164612145560657
2018-09-07,1.8076077812290947
2018-09-10,1.827152500325933
2018-09-11,1.8582229932588594
2018-09-12,1.8660741614853833
2018-09-13,1.886119738313388
2018-09-14,1.8938038165533277
2018-09-17,1.8732565575369853
2018-09-18,1.8911307889965685
2018-09-19,1.8659069340892707
2018-09-20,1.8971446544183097
2018-09-21,1.9086711153020404
2018-09-24,1.9155196061995312
2018-09-25,1.9118448631804381
2018-09-26,1.903993557544386
2018-09-27,1.9111766406436304
2018-09-28,1.9105082806972942
2018-10-01,1.9312224922906924
2018-10-02,1.923537589593582
2018-10-03,1.9238721817953355
2018-10-04,1.884115070702965
2018-10-05,1.8730904294171002
2018-10-08,1.8517081326964229
2018-10-09,1.8752614999664656
2018-10-10,1.773363677827299
2018-10-11,1.769187527438925
2018-10-12,1.8303261107948023
2018-10-15,1.797417902828508
2018-10-16,1.8542136580380129
2018-10-17,1.8493692851128316
2018-10-18,1.8124522915638046
2018-10-19,1.8151251817110357
2018-10-22,1.8313287881238351
2018-10-23,1.8057697913766702
2018-10-24,1.7092180243510224
2018-10-25,1.809111178879766
2018-10-26,1.7867266170586409
2018-10-29,1.7347756470029028
2018-10-30,1.7327712542115365
2018-10-31,1.7842216413551648
2018-11-01,1.769354617425509
2018-11-02,1.773363677827299
2018-11-05,1.7959149174064224
2018-11-06,1.7994225704389315
2018-11-07,1.8702505866928136
2018-11-08,1.8667422466126626
2018-11-09,1.8303261107948023
2018-11-12,1.7852232194079698
2018-11-13,1.7863927119045298
2018-11-14,1.7610600286507068
2018-11-15,1.7998140501854594
2018-11-16,1.816758981004197
2018-11-19,1.7551879698623165
2018-11-20,1.706367601093046
2018-11-21,1.7298555614275506
2018-11-23,1.7291845907001742
2018-11-26,1.7862256219179458
2018-11-27,1.7974657213444056
2018-11-28,1.864237545728243
2018-11-29,1.8486348311833154
2018-11-30,1.8603788113505677
2018-12-03,1.880510543952905
2018-12-04,1.8206174405628157
2018-12-06,1.8318583644464461
2018-12-07,1.7585433731373132
2018-12-10,1.8050148634274163
2018-12-11,1.8217920172119277
2018-12-12,1.8300126796604288
2018-12-13,1.8362204299268001
2018-12-14,1.7788432950024622
2018-12-17,1.7261640544459877
2018-12-18,1.7442830122757238
2018-12-19,1.739585942365031
2018-12-20,1.7030126100466345
2018-12-21,1.647984628420521
2018-12-24,1.5791994796259685
2018-12-26,1.6870747536618398
2018-12-27,1.6974756930981114
2018-12-28,1.6842225440799934
2018-12-31,1.7040188600234067
2019-01-02,1.696469717940396
2019-01-03,1.6340596842178556
2019-01-04,1.7100588332555517
2019-01-07,1.7122393850623792
2019-01-08,1.7246543359570083
2019-01-09,1.7493160484834545
2019-01-10,1.7380759490569948
2019-01-11,1.7246543359570083
2019-01-14,1.7120720202567385
2019-01-15,1.761731136787612
2019-01-16,1.767938200006341
2019-01-17,1.7803535631295555
2019-01-18,1.8070283252476598
2019-01-22,1.772971648442657
2019-01-23,1.790251721101262
2019-01-24,1.78169536717478
2019-01-25,1.7979686402184991
2019-01-28,1.7629057134367243
2019-01-29,1.7270028022075905
2019-01-30,1.7847152163813242
2019-01-31,1.7520007558501316
2019-02-01,1.724319194117141
2019-02-04,1.773978448057543
2019-02-05,1.7988080750277442
2019-02-06,1.7788432950024622
2019-02-07,1.7660927900393808
2019-02-08,1.7728040088179593
2019-02-11,1.7657576481995136
2019-02-12,1.7932717077173346
2019-02-13,1.7919293540339962
2019-02-14,1.7934390725229756
2019-02-15,1.8155845417646133
2019-02-19,1.8147455191839537
2019-02-20,1.8053101565040355
2019-02-21,1.843387985749331
2019-02-22,1.869671817759021
2019-02-25,1.8801174152920361
2019-02-26,1.8930909359197767
2019-02-27,1.889890118364276
2019-02-28,1.8875309341704756
2019-03-01,1.895955237540126
2019-03-04,1.8914060202820355
2019-03-05,1.8819706576021173
2019-03-06,1.8828135276495734
2019-03-07,1.8598995269153662
2019-03-08,1.8619210958977876
2019-03-11,1.901009847043822
2019-03-12,1.9143200210162428
2019-03-13,1.9291469213635937
2019-03-14,1.9306630981004098
2019-03-15,1.9529033799166717
2019-03-18,1.9808715779259898
2019-03-19,2.0032710240620832
2019-03-20,2.0435446057091426
2019-03-21,2.0685477146352254
2019-03-22,2.006591227621224
2019-03-25,2.0173814988211842
2019-03-26,2.0281833942902807
2019-03-27,2.0076486891195238
2019-03-28,2.0164264002899057
2019-03-29,2.0247608277641183
2019-04-01,2.062783118122919
2019-04-02,2.062544213367684
2019-04-03,2.0701851751144633
2019-04-04,2.0680929801664734
2019-04-05,2.0890369637087627
2019-04-08,2.103340713629325
2019-04-09,2.0873996767260796
2019-04-10,2.100464140759463
2019-04-11,2.0967573868773997
2019-04-12,2.0956090131846605
2019-04-15,2.097667029311458
2019-04-16,2.1183268254978467
2019-04-17,2.1203506628034527
2019-04-18,2.116791901482185
2019-04-22,2.1459224934344454
2019-04-23,2.187378454098882
2019-04-24,2.1623411663516072
2019-04-25,2.1629097145599627
2019-04-26,2.217919052547727
2019-04-29,2.2040473090473065
2019-04-30,2.190505209000007
2019-05-01,2.17344980372866
2019-05-02,2.1612837048533073
2019-05-03,2.2313700669040326
2019-05-06,2.2178279668567327
2019-05-07,2.184228971149147
2019-05-08,2.180556222591721
2019-05-09,2.1602035153063976
2019-05-10,2.1489583361411313
2019-05-13,2.072436466402722
2019-05-14,2.09226608157691
2019-05-15,2.1275481673575074
2019-05-16,2.1689586719247242
2019-05-17,2.1251034274112333
2019-05-20,2.1136991519056973
2019-05-21,2.112050414150432
2019-05-22,2.114506431372734
2019-05-23,2.064249857992751
2019-05-24,2.0731186548541274
2019-05-28,2.088070587901457
2019-05-29,2.0684682532133682
2019-05-30,2.0652049565240294
2019-05-31,2.0183025920278244
2019-06-03,1.9246342313270748
2019-06-04,1.9665563772328452
2019-06-05,1.9767215403477565
2019-06-06,1.9947547721989918
2019-06-07,2.0512308500565877
2019-06-10,2.115586620919644
2019-06-11,2.1190771980950815
2019-06-12,2.10954894083091
2019-06-13,2.126581618053647
2019-06-14,2.1258652507810503
2019-06-17,2.1444670308406413
2019-06-18,2.1619089864349106
2019-06-19,2.170345776876145
2019-06-20,2.1810338586056375
2019-06-21,2.1731997951939515
2019-06-24,2.1761560029822253
2019-06-25,2.135643690076485
2019-06-26,2.157884039872309
2019-06-27,2.1652177392214695
2019-06-28,2.153108547215919
2019-07-01,2.1855818972793752
2019-07-02,2.1993627285853554
2019-07-03,2.20469531867752
2019-07-05,2.2091411678807904
2019-07-08,2.2198405268863106
2019-07-09,2.260750840887556
2019-07-10,2.29384964602917
2019-07-11,2.275270594018189
2019-07-12,2.2865614027772296
2019-07-15,2.2979202221855455
2019-07-16,2.2853106661174687
2019-07-17,2.264991964156783
2019-07-18,2.2489256627413514
2019-07-19,2.233712270386731
2019-07-22,2.2577149981808704
2019-07-23,2.2677890756047874
2019-07-24,2.2749749558897063
2019-07-25,2.2442867118731744
2019-07-26,2.2093002642210595
2019-07-29,2.17450726522696
2019-07-30,2.1586798685667636
2019-07-31,2.1225792260431016
2019-08-01,2.10954894083091
2019-08-02,2.0730731987569078
2019-08-05,2.0070005059927563
2019-08-06,2.03281106788243
2019-08-07,2.0391442126030923
2019-08-08,2.084045467842301
2019-08-09,2.0552672473917712
2019-08-12,2.0295023150958715
2019-08-13,2.0743239354166687
2019-08-14,2.004533211494426
2019-08-15,2.019496421817784
2019-08-16,2.038200564844396
2019-08-19,2.064977502541376
2019-08-20,2.0482177353985116
2019-08-21,2.07341429298261
2019-08-22,2.0519472173291846
2019-08-23,1.9893652752370257
2019-08-26,2.0112529065380107
2019-08-27,2.003248296013473
2019-08-28,2.005999951364258
2019-08-29,2.031185058175774
2019-08-30,2.019689696979245
2019-09-03,2.0350963644953266
2019-09-04,2.047353549061673
2019-09-05,2.0929484435248695
2019-09-06,2.0847503843423163
2019-09-09,2.082294367120014
2019-09-10,2.0700144545050576
2019-09-11,2.0727888379044526
2019-09-12,2.0961661106204343
2019-09-13,2.091379340688016
2019-09-16,2.055562885520254
2019-09-17,2.0722886473384805
2019-09-18,2.06650114928101
2019-09-19,2.0710946440519673
2019-09-20,2.040008398939931
2019-09-23,2.0299343215160133
2019-09-24,2.004257202494248
2019-09-25,2.0331435478640887
2019-09-26,2.035769106656039
2019-09-27,2.009362757643097
2019-09-30,2.0283288812826856
2019-10-01,1.999734133388253
2019-10-02,1.9644290990196065
2019-10-03,1.9882089440299808
2019-10-04,2.015052689256035
2019-10-07,2.0004643085900464
2019-10-08,1.9793094316149855
2019-10-09,2.0168039282270676
2019-10-10,2.029350653959887
2019-10-11,2.0378128883130966
2019-10-14,2.035916559512323
2019-10-15,2.065385863530327
2019-10-16,2.0484623400345257
2019-10-17,2.037957978142838
2019-10-18,2.0046945987073608
2019-10-21,2.019575522059376
2019-10-22,1.9895223141825917
2019-10-23,2.002214838653116
2019-10-24,2.041604364401372
2019-10-25,2.0531307352729162
2019-10-28,2.1036089993769496
2019-10-29,2.0837678470084806
2019-10-30,2.1097363272030005
2019-10-31,2.0916464138055644
2019-11-01,2.0967522052570673
2019-11-04,2.10886129847412
2019-11-05,2.107548400926818
2019-11-06,2.101712434273521
2019-11-07,2.1046305357514967
2019-11-08,2.1294319171364187
2019-11-11,2.131620552320564
2019-11-12,2.1456262106410446
2019-11-13,2.1491270344645286
2019-11-14,2.160069501477292
2019-11-15,2.1879343104725852
2019-11-18,2.193332644610115
2019-11-19,2.1940621109039453
2019-11-20,2.190255984051103
2019-11-21,2.1882058222223786
2019-11-22,2.1898169337194098
2019-11-25,2.213823865580568
2019-11-26,2.2255352614304305
2019-11-27,2.2297806749176203
2019-11-29,2.2160202987523054
2019-12-02,2.1892313757420494
2019-12-03,2.185717791575233
2019-12-04,2.193623060572252
2019-12-05,2.19479346761901
2019-12-06,2.221436591891562
2019-12-09,2.2157277560662796
2019-12-10,2.2123606795451303
2019-12-11,2.22070428996588
2019-12-12,2.243248981002218
2019-12-13,2.2621326350154547
2019-12-16,2.276770402936193
2019-12-17,2.264474630622242
2019-12-18,2.2597899305007045
2019-12-19,2.279405886439623
2019-12-20,2.3042923367800943
2019-12-23,2.3042923367800943
2019-12-24,2.3038532864484007
2019-12-26,2.322736940461638
2019-12-27,2.3269825902514816
2019-12-30,2.3069271113755616
2019-12-31,2.30853751396463
2020-01-02,2.3512823011013206
2020-01-03,2.32200487483861
2020-01-06,2.3280064896525725
2020-01-07,2.3067813126378574
2020-01-08,2.3435242486579315
2020-01-09,2.3728019112232963
2020-01-10,2.3618228172991165
2020-01-13,2.390221906595787
2020-01-14,2.3733877055033115
2020-01-15,2.388757775349731
2020-01-16,2.4325276434007845
2020-01-17,2.446142693433704
2020-01-21,2.4373579059573722
2020-01-22,2.425647927923436
2020-01-23,2.4405796563461255
2020-01-24,2.4159864575996437
2020-01-27,2.3755831934644314
2020-01-28,2.422134816361928
2020-01-29,2.4599023606910557
2020-01-30,2.529290508402953
2020-01-31,2.4919613054975556
2020-02-03,2.5527125911947146
2020-02-04,2.6367385068273497
2020-02-05,2.633518646859831
2020-02-06,2.688120392281434
2020-02-07,2.6919272280422395
2020-02-10,2.7623406929711534
2020-02-11,2.699978532079618
2020-02-12,2.7039314028807815
2020-02-13,2.689292453446772
2020-02-14,2.7132996216105854
2020-02-18,2.7408208465465234
2020-02-19,2.749040870679073
2020-02-20,2.707059577418432
2020-02-21,2.6214825711629577
2020-02-24,2.508455939675799
2020-02-25,2.4670625674190614
2020-02-26,2.4978873034621416
2020-02-27,2.3218886139326935
2020-02-28,2.378108796233611
2020-03-02,2.5363457967524483
2020-03-03,2.414805180630788
2020-03-04,2.5034654639195946
2020-03-05,2.4406403861282815
2020-03-06,2.3716499357835743
2020-03-09,2.2109173429326536
2020-03-10,2.362108743510822
2020-03-11,2.2551007406287353
2020-03-12,2.0412302972996126
2020-03-13,2.3314300425081003
2020-03-16,1.9877994315300758
2020-03-17,2.1514678485580445
2020-03-18,2.060900130243712
2020-03-19,2.0948076707148164
2020-03-20,2.0161299930569982
2020-03-23,1.9960194556626254
2020-03-24,2.1962707831601938
2020-03-25,2.1841717990988228
2020-03-26,2.2991094744018072
2020-03-27,2.2039214292356557
2020-03-30,2.2668166736201805
2020-03-31,2.2621907735600613
2020-04-01,2.143160728613284
2020-04-02,2.178923024789475
2020-04-03,2.1476086445023443
2020-04-06,2.3349613958088002
2020-04-07,2.307916806540723
2020-04-08,2.3669868685864666
2020-04-09,2.3840674396521737
2020-04-13,2.430860533465488
2020-04-14,2.5536265576170933
2020-04-15,2.530318651048592
2020-04-16,2.5504250937212376
2020-04-17,2.5158184987158547
2020-04-20,2.4635980836263363
2020-04-21,2.387447872611734
2020-04-22,2.4562150469527344
2020-04-23,2.4466967630222323
2020-04-24,2.517330449626677
2020-04-27,2.519111135530956
2020-04-28,2.47827664222698
2020-04-29,2.5596760496477793
2020-04-30,2.613675743652081
2020-05-01,2.571597753032839
2020-05-04,2.607982501361411
2020-05-05,2.6471252304971618
2020-05-06,2.674436584973402
2020-05-07,2.7021030635980616
2020-05-08,2.7664176789846695
2020-05-11,2.809948245558065
2020-05-12,2.777836524324384
2020-05-13,2.7442950203663607
2020-05-14,2.761155256877225
2020-05-15,2.744831927557474
2020-05-18,2.8095027926840968
2020-05-19,2.793267822304602
2020-05-20,2.8475911238926463
2020-05-21,2.8263621850012637
2020-05-22,2.844559342929831
2020-05-26,2.825292028791723
2020-05-27,2.8376009356856784
2020-05-28,2.8388492167652264
2020-05-29,2.8360850452042707
2020-06-01,2.8709626263863006
2020-06-02,2.8842536119474382
2020-06-03,2.9001309255974226
2020-06-04,2.875154610886306
2020-06-05,2.957042243661707
2020-06-08,2.9745252137228504
2020-06-09,3.0684552695819423
2020-06-10,3.1473989175389865
2020-06-11,2.996290778407447
2020-06-12,3.022159124458096
2020-06-15,3.0595352375845146
2020-06-16,3.1406194793585382
2020-06-17,3.136248807192727
2020-06-18,3.1374982138638705
2020-06-19,3.1195681025413653
2020-06-22,3.2011881259149066
2020-06-23,3.269516319533613
2020-06-24,3.211803017457446
2020-06-25,3.2544412712934103
2020-06-26,3.1544462465191936
2020-06-29,3.227145675099509
2020-06-30,3.2540841773596982
2020-07-01,3.247928879719024
2020-07-02,3.247928879719024
2020-07-06,3.3348118879958077
2020-07-07,3.3244648872530265
2020-07-08,3.4018923633307643
2020-07-09,3.4165208331054027
2020-07-10,3.42249800587607
2020-07-13,3.406708769768443
2020-07-14,3.4630848690290077
2020-07-15,3.486900980202934
2020-07-16,3.443994835567211
2020-07-17,3.4370381167104522
2020-07-20,3.509468528899413
2020-07-21,3.4610334783459815
2020-07-22,3.4707557757531906
2020-07-23,3.312780120898846
2020-07-24,3.3045725883814483
2020-07-27,3.38289181440082
2020-07-28,3.3273188247437337
2020-07-29,3.3910985027245206
2020-07-30,3.4321313815472245
2020-07-31,3.7914356957551005
2020-08-03,3.8869714080253503
2020-08-04,3.9129298014036498
2020-08-05,3.9271125369064213
2020-08-06,4.064126299475445
2020-08-07,3.97172535979901
2020-08-10,4.0294541387596166
2020-08-11,3.909618029531423
2020-08-12,4.039552383759765
2020-08-13,4.111042364170581
2020-08-14,4.107378282128924
2020-08-17,4.096655052395305
2020-08-18,4.130791150113717
2020-08-19,4.13597449941157
2020-08-20,4.227749891558736
2020-08-21,4.445617149624681
2020-08-24,4.498787282623008
2020-08-25,4.46187941560037
2020-08-26,4.522557807337312
2020-08-27,4.4684925476225645
2020-08-28,4.461254712264798
2020-08-31,4.61254491583693
2020-09-01,4.796275794786563
2020-09-02,4.696904066358424
2020-09-03,4.320865863296293
2020-09-04,4.323724865949179
2020-09-08,4.032760564071765
2020-09-09,4.193613231044527
2020-09-10,4.0567103392476715
2020-09-11,4.003448751932201
2020-09-14,4.123552751960153
2020-09-15,4.129986633520745
2020-09-16,4.008095756834737
2020-09-17,3.944112628173041
2020-09-18,3.8190048107067387
2020-09-21,3.9348191811637654
2020-09-22,4.0296248723701
2020-09-23,3.896936479907905
2020-09-24,3.947446229705726
2020-09-25,4.037395244116692
2020-09-28,4.068867505353862
2020-09-29,4.026516412545466
2020-09-30,4.086158021447761
2020-10-01,4.12753871227507
2020-10-02,4.005729151384101
2020-10-05,4.087129667932831
2020-10-06,4.000289113346497
2020-10-07,4.076445290109017
2020-10-08,4.091014387117133
2020-10-09,4.192620981466961
2020-10-12,4.301219199195746
2020-10-13,4.329583622860274
2020-10-14,4.290727719489365
2020-10-15,4.2674150486196085
2020-10-16,4.2674150486196085
2020-10-19,4.161730836968045
2020-10-20,4.170084569956874
2020-10-21,4.172998264908099
2020-10-22,4.174747104130826
2020-10-23,4.200779327330391
2020-10-26,4.081301966904385
2020-10-27,4.142886246524827
2020-10-28,3.937538422367578
2020-10-29,3.9771702739721606
2020-10-30,3.9334583160578758
2020-11-02,3.9307400082320507
2020-11-03,4.010391374432057
2020-11-04,4.203887787155024
2020-11-05,4.33793611134512
2020-11-06,4.3462913999639285
2020-11-09,4.242742446021949
2020-11-10,4.099368742357954
2020-11-11,4.2069965581056525
2020-11-12,4.1854321042066305
2020-11-13,4.206219365367995
2020-11-16,4.220206967889849
2020-11-17,4.166393682267992
2020-11-18,4.11146407657299
2020-11-19,4.137565991995628
2020-11-20,4.098024366929845
2020-11-23,4.0925709504744185
2020-11-24,4.165613689396372
2020-11-25,4.16580845426978
2020-11-27,4.192298654935251
2020-11-30,4.1697040628639375
2020-12-01,4.211387479285218
2020-12-02,4.195026607666947
2020-12-03,4.173015999089863
2020-12-04,4.1753537998227515
2020-12-07,4.1739901345828985
2020-12-08,4.207492181817057
2020-12-09,4.125489325340343
2020-12-10,4.1005563102841505
2020-12-11,4.1539268636139
2020-12-14,4.172236628470234
2020-12-15,4.170873585482374
2020-12-16,4.271185895689427
2020-12-17,4.273913537295127
2020-12-18,4.2577455637942885
2020-12-21,4.335658980181424
2020-12-22,4.361954727099482
2020-12-23,4.305078717174384
2020-12-24,4.338774907029957
2020-12-28,4.381823233195074
2020-12-29,4.366044789441052
2020-12-30,4.317933821071309
2020-12-31,4.3323479773334865
2021-01-04,4.240216414061566
2021-01-05,4.244305854151143
2021-01-06,4.134254055769703
2021-01-07,4.251902928718042
2021-01-08,4.277808834763288
2021-01-11,4.236320494341412
2021-01-12,4.186455397607012
2021-01-13,4.213919733765519
2021-01-14,4.149252506652105
2021-01-15,4.142045272958018
2021-01-19,4.215867693625596
2021-01-20,4.369745944287798
2021-01-21,4.382017064690494
2021-01-22,4.401106200166458
2021-01-25,4.470837936240474
2021-01-26,4.525377701062664
2021-01-27,4.536479298846925
2021-01-28,4.6539327846698635
2021-01-29,4.518170467368577
2021-02-01,4.667957722311221
2021-02-02,4.665230702957512
2021-02-03,4.733210177422847
2021-02-04,4.713925965947479
2021-02-05,4.717627120794225
2021-02-08,4.722886083502239
2021-02-09,4.7482080060532565
2021-02-10,4.729703165197518
2021-02-11,4.762232010316627
2021-02-12,4.7719718096170105
2021-02-16,4.7468446519394005
2021-02-17,4.767538886428003
2021-02-18,4.7595339256805325
2021-02-19,4.704479247335196
2021-02-22,4.578359346897588
2021-02-23,4.554151566537743
2021-02-24,4.5791412065251835
2021-02-25,4.470592768955736
2021-02-26,4.536775801920979
2021-03-01,4.625801083250238
2021-03-02,4.565865460281856
2021-03-03,4.442674188843275
2021-03-04,4.426470124726917
2021-03-05,4.521548051179628
2021-03-08,4.439355407845441
2021-03-09,4.564108220657241
2021-03-10,4.537556105918594
2021-03-11,4.629511260750863
2021-03-12,4.602568060635421
2021-03-15,4.584216916021637
2021-03-16,4.640833757992184
2021-03-17,4.62775308774826
2021-03-18,4.5043670514362715
2021-03-19,4.497144572568388
2021-03-22,4.607253929259062
2021-03-23,4.575517189601634
2021-03-24,4.484035706447515
2021-03-25,4.502705169661555
2021-03-26,4.525855796289318
2021-03-29,4.5325775414099
2021-03-30,4.476942142550156
2021-03-31,4.560954434011937
2021-04-01,4.5926935176805666
2021-04-05,4.700975408117241
2021-04-06,4.712550721431123
2021-04-07,4.775654139977604
2021-04-08,4.8675083209127
2021-04-09,4.966083074962778
2021-04-12,4.900366083927058
2021-04-13,5.019477306112861
2021-04-14,4.929862827880426
2021-04-15,5.022090878602098
2021-04-16,5.009395127934087
2021-04-19,5.03478604326731
2021-04-20,4.970189196584322
2021-04-21,4.984750194165617
2021-04-22,4.926502101820835
2021-04-23,5.0153700124857155
2021-04-26,5.030306051859188
2021-04-27,5.017982412969354
2021-04-28,4.987738808447032
2021-04-29,4.984004212600864
2021-04-30,4.9085800851785475
2021-05-03,4.948906160881044
2021-05-04,4.77378713505592
2021-05-05,4.78312186666294
2021-05-06,4.844357108282137
2021-05-07,4.870164671606357
2021-05-10,4.744492562068648
2021-05-11,4.7093347380632
2021-05-12,4.591891279846987
2021-05-13,4.674176621056351
2021-05-14,4.766933832306674
2021-05-17,4.722799324405176
2021-05-18,4.669687839606226
2021-05-19,4.663704458013993
2021-05-20,4.7616973112833945
2021-05-21,4.691381370271099
2021-05-24,4.753843408752676
2021-05-25,4.746363669009934
2021-05-26,4.744492562068648
2021-05-27,4.685771565464042
2021-05-28,4.6607114487115755
2021-06-01,4.64836876473073
2021-06-02,4.6775426211411455
2021-06-03,4.620690973469425
2021-06-04,4.708586119485845
2021-06-07,4.708960282273822
2021-06-08,4.740378236407899
2021-06-09,4.754965018112407
2021-06-10,4.716814770807342
2021-06-11,4.763193669433903
2021-06-14,4.880262964862139
2021-06-15,4.848845596730862
2021-06-16,4.867920866884094
2021-06-17,4.929260417001741
2021-06-18,4.879515811291785
2021-06-21,4.948335394153573
2021-06-22,5.011170716418928
2021-06-23,5.0007006043863695
2021-06-24,4.9898536925532335
2021-06-25,4.978631738927919
2021-06-28,5.041093777409498
2021-06-29,5.099067620443749
2021-06-30,5.122630793042907
2021-07-01,5.134224858446397
2021-07-02,5.23483685123164
2021-07-06,5.311888015428925
2021-07-07,5.407262901188088
2021-07-08,5.357518295478132
2021-07-09,5.427460073702452
2021-07-12,5.404645812682048
2021-07-13,5.447283376430239
2021-07-14,5.578564997773604
2021-07-15,5.553507518033738
2021-07-16,5.475334744476722
2021-07-19,5.327970862282541
2021-07-20,5.466357767579271
2021-07-21,5.438307571538389
2021-07-22,5.4906698517571835
2021-07-23,5.556499062329156
2021-07-26,5.57258132317997
2021-07-27,5.489548242397452
2021-07-28,5.422598008468549
2021-07-29,5.447283376430239
2021-07-30,5.455510855746135
2021-08-02,5.442794594980113
2021-08-03,5.511615349847502
2021-08-04,5.49628141457264
2021-08-05,5.5003951542305884
2021-08-06,5.474175044934973
2021-08-09,5.472301593982486
2021-08-10,5.453946228269395
2021-08-11,5.463685594810006
2021-08-12,5.5771849611789515
2021-08-13,5.585051462769876
2021-08-16,5.660715558338905
2021-08-17,5.6258806218764095
2021-08-18,5.482416002315276
2021-08-19,5.495151601173706
2021-08-20,5.550964851883335
2021-08-23,5.607902055963897
2021-08-24,5.604530781853899
2021-08-25,5.55733294431395
2021-08-26,5.526617021534605
2021-08-27,5.566322813273008
2021-08-30,5.735634258345981
2021-08-31,5.687311881432299
2021-09-01,5.71278366515196
2021-09-02,5.755487447216582
2021-09-03,5.7798352775653115
2021-09-07,5.869361269374904
2021-09-08,5.810176158552479
2021-09-09,5.771221036401232
2021-09-10,5.58018236550237
2021-09-13,5.601907833319857
2021-09-14,5.548341903349293
2021-09-15,5.582429100238635
2021-09-16,5.573438059273976
2021-09-17,5.471177640611553
2021-09-20,5.354307586135412
2021-09-21,5.366408707249156
2021-09-22,5.414674152995472
2021-09-23,5.450667947246052
2021-09-24,5.489227421599211
2021-09-27,5.445109369812139
2021-09-28,5.242778339582722
2021-09-29,5.185787917776589
2021-09-30,5.159637945262797
2021-10-01,5.270299091160121
2021-10-04,5.159001575788534
2021-10-05,5.250227011598921
2021-10-06,5.309746274191663
2021-10-07,5.373818757401838
2021-10-08,5.3954535369792
2021-10-11,5.361815676403176
2021-10-12,5.266671606902073
2021-10-13,5.3104022516889415
2021-10-14,5.448158714482458
2021-10-15,5.456534311223073
2021-10-18,5.510957270379078
2021-10-19,5.528674604630753
2021-10-20,5.472011577390744
2021-10-21,5.476527958692206
2021-10-22,5.309803909895681
2021-10-25,5.305192459391716
2021-10-26,5.377042197549243
2021-10-27,5.64371546985094
2021-10-28,5.6294925229738055
2021-10-29,5.714293063242459
2021-11-01,5.538709158955065
2021-11-02,5.613416915012873
2021-11-03,5.658401879090281
2021-11-04,5.722842161277644
2021-11-05,5.7454032713969045
2021-11-08,5.752311831506377
2021-11-09,5.747970139864517
2021-11-10,5.6312091162615205
2021-11-11,5.626308893054949
2021-11-12,5.7386872264225035
2021-11-15,5.729963438727719
2021-11-16,5.707730911539612
2021-11-17,5.714330496740945
2021-11-18,5.78347967536484
2021-11-19,5.748277332225108
2021-11-22,5.646977531861863
2021-11-23,5.626907829030725
2021-11-24,5.639951917796807
2021-11-26,5.487992116149174
2021-11-29,5.617197698359959
2021-11-30,5.476971813031398
2021-12-01,5.444317918701292
2021-12-02,5.518213427260205
2021-12-03,5.48098670428965
2021-12-06,5.525509394369882
2021-12-07,5.6843207146054855
2021-12-08,5.719714978697773
2021-12-09,5.698563863688151
2021-12-10,5.712574687407198
2021-12-13,5.628623828135925
2021-12-14,5.554534021894392
2021-12-15,5.652342405795674
2021-12-16,5.575301294998904
2021-12-17,5.470313403761015
2021-12-20,5.465759588961067
2021-12-21,5.53776440875518
2021-12-22,5.6513394257092555
2021-12-23,5.670696109521613
2021-12-27,5.708908581285631
2021-12-28,5.661838036578289
2021-12-29,5.660602731128251
2021-12-30,5.643059492353661
2021-12-31,5.591009698165165
2022-01-03,5.596395368487024
2022-01-04,5.573543703117609
2022-01-05,5.31785092370514
2022-01-06,5.316789713732188
2022-01-07,5.288594564999525
2022-01-10,5.352377087142062
2022-01-11,5.393542646008866
2022-01-12,5.458946692236615
2022-01-13,5.349192863040689
2022-01-14,5.3836815929791255
2022-01-18,5.249262653376019
2022-01-19,5.215238574164823
2022-01-20,5.145414998385664
2022-01-21,5.031318289182847
2022-01-24,5.048783095865371
2022-01-25,4.899448095480625
2022-01-26,4.988146175960689
2022-01-27,4.979346927086416
2022-01-28,5.147093563992377
2022-01-31,5.222456109182433
2022-02-01,5.3127956188619825
2022-02-02,5.712517051703179
2022-02-03,5.523000161606289
2022-02-04,5.53083505225766
2022-02-07,5.372891832677422
2022-02-08,5.380535396558755
2022-02-09,5.465179072643275
2022-02-10,5.3504661961717295
2022-02-11,5.183048142196923
2022-02-14,5.23104442326365
2022-02-15,5.2728267435817
2022-02-16,5.316423103120031
2022-02-17,5.115751624656828
2022-02-18,5.03330701806273
2022-02-22,5.0105527986258815
2022-02-23,4.924652723612017
2022-02-24,5.121618582816364
2022-02-25,5.189880052761877
2022-02-28,5.212942652924347
2022-03-01,5.174516275454693
2022-03-02,5.194202730563236
2022-03-03,5.168264881207532
2022-03-04,5.091339041818798
2022-03-07,4.877968397539847
2022-03-08,4.905990936251714
2022-03-09,5.149756690027524
2022-03-10,5.111525798605519
2022-03-11,5.012753650663853
2022-03-14,4.861467354897709
2022-03-15,4.986796193285131
2022-03-16,5.144372802253212
2022-03-17,5.165929149738508
2022-03-18,5.254184861335671
2022-03-21,5.253258530793771
2022-03-22,5.398637166898056
2022-03-23,5.3371695798364955
2022-03-24,5.464409012102992
2022-03-25,5.468307443588177
2022-03-28,5.459912238824547
2022-03-29,5.500440239852058
2022-03-30,5.478554715253092
2022-03-31,5.367740270266729
2022-04-01,5.409540416060249
2022-04-04,5.518426738783324
2022-04-05,5.426543542928114
2022-04-06,5.270491606295192
2022-04-07,5.245036233142195
2022-04-08,5.144643155297834
2022-04-11,4.972341218135636
2022-04-12,4.929535121343119
2022-04-13,5.0136597790002195
2022-04-14,4.891535961102218
2022-04-18,4.928068975985751
2022-04-19,5.018099510757163
2022-04-20,4.942099110636556
2022-04-21,4.817600939406014
2022-04-22,4.617701304030641
2022-04-25,4.750420584547728
2022-04-26,4.579663224834965
2022-04-27,4.411549383134331
2022-04-28,4.574742205240344
2022-04-29,4.404407903478725
2022-05-02,4.499881150093498
2022-05-03,4.528868047028265
2022-05-04,4.719040914622434
2022-05-05,4.496889144035938
2022-05-06,4.467592975101775
2022-05-09,4.342709179418575
2022-05-10,4.415427909505242
2022-05-11,4.384839393599538
2022-05-12,4.355562832688391
2022-05-13,4.4793274856033625
2022-05-16,4.417358408498592
2022-05-17,4.4956348247454
2022-05-18,4.31910617025812
2022-05-19,4.26061127832236
2022-05-20,4.203640761630502
2022-05-23,4.303223374523515
2022-05-24,4.090239543062253
2022-05-25,4.083871094859508
2022-05-26,4.160584216907638
2022-05-27,4.3352025746071
2022-05-31,4.3909954215529385
2022-06-01,4.3960135899888675
2022-06-02,4.540003621554077
2022-06-03,4.421063730666191
2022-06-06,4.509047900853701
2022-06-07,4.521746769578191
2022-06-08,4.523464254139679
2022-06-09,4.43243044219059
2022-06-10,4.290621357549077
2022-06-13,4.106546882204291
2022-06-14,4.1190140197476754
2022-06-15,4.236700185527539
2022-06-16,4.092690248848055
2022-06-17,4.135534373321573
2022-06-21,4.305385010515454
2022-06-22,4.303204063591757
2022-06-23,4.332326434140093
2022-06-24,4.55360921279745
2022-06-27,4.470951591771491
2022-06-28,4.323275251879184
2022-06-29,4.311464091833077
2022-06-30,4.205763181576406
2022-07-01,4.197059596087153
2022-07-05,4.371735292399375
2022-07-06,4.422260117161453
2022-07-07,4.584796070496415
2022-07-08,4.606817068708949
2022-07-11,4.4648915242943685
2022-07-12,4.4009735285382625
2022-07-13,4.298032001884275
2022-07-14,4.259974314665582
2022-07-15,4.314397868004103
2022-07-18,4.208349360975776
2022-07-19,4.392848379727996
2022-07-20,4.396322267805748
2022-07-21,4.413305192468079
2022-07-22,4.1647336905056855
2022-07-25,4.149680670654187
2022-07-26,4.053571054565152
2022-07-27,4.36389951047423
2022-07-28,4.408673539758581
2022-07-29,4.489729244722346
2022-08-01,4.433376974938023
2022-08-02,4.443797747897507
2022-08-03,4.557662428827961
2022-08-04,4.5619081599935445
2022-08-05,4.534117946645298
2022-08-08,4.52755579494245
2022-08-09,4.501694892222522
2022-08-10,4.620190928771218
2022-08-11,4.586996625443127
2022-08-12,4.696615278116742
2022-08-15,4.712054219512154
2022-08-16,4.697387121204572
2022-08-17,4.614401511429974
2022-08-18,4.638331618065294
2022-08-19,4.524081906864698
2022-08-22,4.409445382846412
2022-08-23,4.3947782845388295
2022-08-24,4.388216727018498
2022-08-25,4.5024670324016105
2022-08-26,4.258913104692629
2022-08-29,4.223402677918531
2022-08-30,4.20487606708054
2022-08-31,4.17708496245852
2022-09-01,4.235753949871365
2022-09-02,4.162803785694852
2022-09-06,4.122662003302514
2022-09-07,4.224560442550278
2022-09-08,4.183260598434936
2022-09-09,4.270878455101547
2022-09-12,4.278983698797541
2022-09-13,4.0265520901222205
2022-09-14,4.052798914386064
2022-09-15,3.9721294280574733
2022-09-16,3.967883399800632
2022-09-19,3.9783047669426317
2022-09-20,3.9458644685328617
2022-09-21,3.8822616529569696
2022-09-22,3.8660422415010705
2022-09-23,3.660296959929552
2022-09-26,3.584743348530411
2022-09-27,3.6598705410156787
2022-09-28,3.7930493568321286
2022-09-29,3.785366438892546
2022-09-30,3.726886552275024
2022-10-03,3.923667814792873
2022-10-04,4.066664962988711
2022-10-05,4.231005189347805
2022-10-06,4.356500349475686
2022-10-07,4.312534198658569
2022-10-10,4.219052549152091
2022-10-11,4.183196472937418
2022-10-12,4.201551298833121
2022-10-13,4.348390643747736
2022-10-14,4.23399270386637
2022-10-17,4.295033686088585
2022-10-18,4.302716972902661
2022-10-19,4.430347547470347
2022-10-20,4.436323314256464
2022-10-21,4.518706268018454
2022-10-24,4.550293728600478
2022-10-25,4.519559843595188
2022-10-26,4.573343957917199
2022-10-27,4.590845577110662
2022-10-28,4.725305494041199
2022-10-31,4.730000528587723
2022-11-01,4.776955300546884
2022-11-02,4.678777878744897
2022-11-03,4.74237958769731
2022-11-04,4.79402865645401
2022-11-07,4.850801023043574
2022-11-08,4.866167596671725
2022-11-09,4.648471150402466
2022-11-10,4.7167678939014035
2022-11-11,4.864033288855399
2022-11-14,4.87823348133678
2022-11-15,4.910935680636559
2022-11-16,4.8584404137929855
2022-11-17,4.864893873047499
2022-11-18,4.822724878760133
2022-11-21,4.77496264053586
2022-11-22,4.913086956679561
2022-11-23,4.888560491641973
2022-11-25,4.8713488077999845
2022-11-28,4.725048388519599
2022-11-29,4.756460633717461
2022-11-30,4.790884001401439
2022-12-01,4.767648597089247
2022-12-02,4.727200402311587
2022-12-05,4.597682296963372
2022-12-06,4.4698849911248635
2022-12-07,4.459988457352966
2022-12-08,4.493120395437057
2022-12-09,4.45525469098468
2022-12-12,4.5649797287891
2022-12-13,4.614893980805361
2022-12-14,4.580901458529172
2022-12-15,4.537009820359635
2022-12-16,4.505168205251955
2022-12-19,4.525392487078032
2022-12-20,4.590797623426576
2022-12-21,4.649748562771622
2022-12-22,4.555943410334809
2022-12-23,4.676425934977718
2022-12-27,4.741399857043981
2022-12-28,4.663516803221734
2022-12-29,4.698800755097811
2022-12-30,4.746133254537774
2023-01-03,4.583052365697681
2023-01-04,4.596391605112469
2023-01-05,4.699231231631107
2023-01-06,4.756030157184165
2023-01-09,4.667389247648935
2023-01-10,4.737096936083484
2023-01-11,4.792173586628863
2023-01-12,4.871779284333281
2023-01-13,4.86876742409818
2023-01-17,4.859300629110592
2023-01-18,4.759472125078069
2023-01-19,4.790023048334847
2023-01-20,4.877372528270188
2023-01-23,4.851985479040501
2023-01-24,4.897166333562969
2023-01-25,4.8713488077999845
2023-01-26,5.067133002563335
2023-01-27,4.974618541977426
2023-01-30,4.886408846724478
2023-01-31,4.9918305946939086
2023-02-01,4.937183682932839
2023-02-02,4.782708636013741
2023-02-03,4.815840942972324
2023-02-06,4.807665577584625
2023-02-07,4.944928940661734
2023-02-08,4.901899731056762
2023-02-09,4.920401369000668
2023-02-10,5.127802528171129
2023-02-13,5.107857115461738
2023-02-14,5.048019770710086
2023-02-15,5.032843536320306
2023-02-16,5.018100729459767
2023-02-17,4.825146908680975
2023-02-21,4.820378099235857
2023-02-22,4.757939451559778
2023-02-23,4.801732969114186
2023-02-24,4.802166765517918
2023-02-27,4.793494157313696
2023-02-28,4.7657433603330555
2023-03-01,4.8082369641742355
2023-03-02,4.830350252278813
2023-03-03,4.891488986241664
2023-03-06,4.934849076266831
2023-03-07,4.839455919137782
2023-03-08,4.7687791974102005
2023-03-09,4.731923102445084
2023-03-10,4.673385671406658
2023-03-13,4.619618894185816
2023-03-14,4.636964110594261
2023-03-15,4.406285126544915
2023-03-16,4.380702942708447
2023-03-17,4.329104409757283
2023-03-20,4.442275104200538
2023-03-21,4.641299123635647
2023-03-22,4.535065851781683
2023-03-23,4.483900746359759
2023-03-24,4.489103721083104
2023-03-27,4.5875327152892975
2023-03-28,4.644768019367539
2023-03-29,4.724551514577568
2023-03-30,4.747532026615119
2023-03-31,4.754903614482635
2023-04-03,5.035445208119225
2023-04-04,4.987315570899954
2023-04-05,5.072735468362568
2023-04-06,4.988616591236659
2023-04-10,4.966502196508604
2023-04-11,5.001624212482267
2023-04-12,4.996421606633415
2023-04-13,5.019835546200206
2023-04-14,5.031976681261827
2023-04-17,4.973439987972387
2023-04-18,5.070567592967382
2023-04-19,5.054523765770137
2023-04-20,5.014198775073129
2023-04-21,5.030242233395881
2023-04-24,5.125201594121196
2023-04-25,5.0523566281239365
2023-04-26,5.005960332147132
2023-04-27,5.065797308024291
2023-04-28,5.131272161652007
2023-05-01,4.972138967635681
2023-05-02,4.773981803259053
2023-05-03,4.679890035341202
2023-05-04,4.597939402484973
2023-05-05,4.712410010641454
2023-05-08,4.731055509637619
2023-05-09,4.732356529974324
2023-05-10,4.671651961289699
2023-05-11,4.587098550011072
2023-05-12,4.586665122481832
2023-05-15,4.595411874459141
2023-05-16,4.4838841470075765
2023-05-17,4.584478065613012
2023-05-18,4.6260277196266815
2023-05-19,4.647458958793756
2023-05-22,4.591038498470486
2023-05-23,4.653581537628075
2023-05-24,4.705628253088197
2023-05-25,4.62121759623835
2023-05-26,4.591038498470486
2023-05-30,4.550363077005157
2023-05-31,4.469013340697975
2023-06-01,4.520622571009435
2023-06-02,4.6255909722270045
2023-06-05,4.605034334482761
2023-06-06,4.642648097656439
2023-06-07,4.7467407908276975
2023-06-08,4.731871091141575
2023-06-09,4.696881869985381
2023-06-12,4.6544565079254
2023-06-13,4.6553318470972185
2023-06-14,4.599349240797105
2023-06-15,4.631276434787154
2023-06-16,4.598036785351117
2023-06-20,4.492631267859378
2023-06-21,4.542928411599342
2023-06-22,4.517998397866445
2023-06-23,4.47863506297261
2023-06-26,4.561297623600272
2023-06-27,4.572669286469557
2023-06-28,4.609845933369065
2023-06-29,4.6667024033430256
2023-06-30,4.690758553402076
2023-07-03,4.699942421653555
2023-07-05,4.675888115966969
2023-07-06,4.501378019836687
2023-07-07,4.51187508128314
2023-07-10,4.578792971927355
2023-07-11,4.634775578227469
2023-07-12,4.657518535091546
2023-07-13,4.572232170195387
2023-07-14,4.414779568369034
2023-07-17,4.4340244884162745
2023-07-18,4.413904598071708
2023-07-19,4.444520812113741
2023-07-20,4.522809259003762
2023-07-21,4.543803381896668
2023-07-24,4.615094648529538
2023-07-25,4.622091828786689
2023-07-26,4.596286844756467
2023-07-27,4.610719428168418
2023-07-28,4.555611792165629
2023-07-31,4.6903210682534136
2023-08-01,4.663204366526188
2023-08-02,4.605034334482761
2023-08-03,4.685073090841926
2023-08-04,4.698192849933397
2023-08-07,4.688571496533256
2023-08-08,4.711752307420489
2023-08-09,4.791790326030667
2023-08-10,4.816282854614903
2023-08-11,4.891072158064609
2023-08-14,4.895009524402573
2023-08-15,4.769337304518065
2023-08-16,4.689083494329498
2023-08-17,4.7799199448468865
2023-08-18,4.8522363136957205
2023-08-21,4.793589695807376
2023-08-22,4.766691736654482
2023-08-23,4.7248016114838025
2023-08-24,4.689524668223091
2023-08-25,4.773305287438945
2023-08-28,4.8134329302822145
2023-08-29,4.842094109511505
2023-08-30,4.889276108158336
2023-08-31,4.902945859118826
2023-09-01,5.0056869961478405
2023-09-05,5.006128170041434
2023-09-06,5.049341816892891
2023-09-07,5.024647882835494
2023-09-08,5.097846230597021
2023-09-11,5.033908845856005
2023-09-12,5.1807452397746765
2023-09-13,5.134444851166044
2023-09-14,5.226163280596125
2023-09-15,5.145909839282051
2023-09-18,5.187359528308125
2023-09-19,5.230566340686247
2023-09-20,5.1379802387570095
2023-09-21,5.070428192528197
2023-09-22,5.12786537813908
2023-09-25,5.1578689799814335
2023-09-26,5.125807357915247
2023-09-27,5.104890398328159
2023-09-28,5.211534272153099
2023-09-29,5.147240010182171
2023-10-02,5.26057099819427
2023-10-03,5.159755454533877
2023-10-04,5.23931041943157
2023-10-05,5.22576570105153
2023-10-06,5.408193702000613
2023-10-09,5.4584296642430035
2023-10-10,5.518096415749108
2023-10-11,5.620625304792052
2023-10-12,5.557872314699449
2023-10-13,5.3955056563118475
2023-10-16,5.506265042751618
2023-10-17,5.555129695288565
2023-10-18,5.434596956075138
2023-10-19,5.363270905075767
2023-10-20,5.291945909742066
2023-10-23,5.3838474124842515
2023-10-24,5.358813884616664
2023-10-25,5.135580710688904
2023-10-26,4.943894521813165
2023-10-27,5.087572203010396
2023-10-30,5.1892460028605685
2023-10-31,5.165413294692704
2023-11-01,5.346812021613454
2023-11-02,5.330008991142692
2023-11-03,5.3939612174365115
2023-11-06,5.414537724844996
2023-11-07,5.4663165424642175
2023-11-08,5.482775953759366
2023-11-09,5.4959775807966285
2023-11-10,5.636912642582976
2023-11-13,5.644114921617138
2023-11-14,5.7661899883745615
2023-11-15,5.704466800143129
2023-11-16,5.72984289152066
2023-11-17,5.744415828263365
2023-11-20,5.828942978467163
2023-11-21,5.77767879786211
2023-11-22,5.855003669031745
2023-11-24,5.799109866630528
2023-11-27,5.7385864424331485
2023-11-28,5.812139420163566
2023-11-29,5.69572324923064
2023-11-30,5.6091386066358435
2023-12-01,5.5691895785156085
2023-12-04,5.486890938541361
2023-12-05,5.45722884454328
2023-12-06,5.442827453471965
2023-12-07,5.59953627170074
2023-12-08,5.705153510661519
2023-12-11,5.577075928903986
2023-12-12,5.730356472869157
2023-12-13,5.739272097285869
2023-12-14,5.712353678364343
2023-12-15,5.742357808039531
2023-12-18,5.908669489036244
2023-12-19,6.007084448962862
2023-12-20,5.9885664896110455
2023-12-21,6.071036147423847
2023-12-22,6.059035340086306
2023-12-26,6.083725248778282
2023-12-27,6.13516044722189
2023-12-28,6.143562490290105
2023-12-29,6.0688081650271295
2024-01-02,5.937303364671662
2024-01-03,5.906097887463915
2024-01-04,5.951532682238753
2024-01-05,6.034345431394332
2024-01-08,6.1493913482874865
2024-01-09,6.12830284302901
2024-01-10,6.351879636132383
2024-01-11,6.338163899913788
2024-01-12,6.420804575565143
2024-01-16,6.300270252853211
2024-01-17,6.3158735192899185
2024-01-18,6.448921702855052
2024-01-19,6.574427683040255
2024-01-22,6.545794863070508
2024-01-23,6.60443339621395
2024-01-24,6.698732315692901
2024-01-25,6.74125241755263
2024-01-26,6.75771288451345
2024-01-29,6.875673494321712
2024-01-30,6.859214083026563
2024-01-31,6.689131036423467
2024-02-01,6.768685473488325
2024-02-02,8.143922255222964
2024-02-05,7.876797141897199
2024-02-06,7.796384976475395
2024-02-07,8.051337208959398
2024-02-08,8.058367414489338
2024-02-09,8.025963228913207
2024-02-12,8.039507419460413
2024-02-13,7.888970022738961
2024-02-14,8.114605363899
2024-02-15,8.298917728069188
2024-02-16,8.115289963086052
2024-02-20,8.088371544164525
2024-02-21,8.03310480717134
2024-02-22,8.343767156229964
2024-02-23,8.307723563256213
2024-02-26,8.268419019027565
2024-02-27,8.359558331155949
2024-02-28,8.307551489751988
2024-02-29,8.412422900916853
2024-03-01,8.621303244394122
2024-03-04,8.550761025154788
2024-03-05,8.413966811959353
2024-03-06,8.514717432181037
2024-03-07,8.791051644979799
2024-03-08,8.683951723585384
2024-03-11,8.300171858885252
2024-03-12,8.577536401378017
2024-03-13,8.505792306773293
2024-03-14,8.441598860873858
2024-03-15,8.308925438621605
2024-03-18,8.529992914427183
2024-03-19,8.620929821914245
2024-03-20,8.714855999806593
2024-03-21,8.817363064121219
2024-03-22,9.09258303829712
2024-03-25,9.161339942616747
2024-03-26,8.925947427193732
2024-03-27,8.703090538083222
2024-03-28,8.713311985630293
2024-04-01,8.713987077270145
2024-04-02,8.626136724136472
2024-04-03,8.57907782524141
2024-04-04,8.284087099612792
2024-04-05,8.486887281423137
2024-04-08,8.402507459438006
2024-04-09,8.230952375959056
2024-04-10,8.393443838273258
2024-04-11,8.738384712254517
2024-04-12,8.504052739265724
2024-04-15,8.29334602567335
2024-04-16,8.429702007930285
2024-04-17,8.103758772814183
2024-04-18,8.16509040609504
2024-04-19,7.348205200886212
2024-04-22,7.668169895191739
2024-04-23,7.9483086047435965
2024-04-24,7.683503909011363
2024-04-25,7.968463332991471
2024-04-26,8.460561655467307
2024-04-29,8.46268347733536
2024-04-30,8.33201565804391
2024-05-01,8.007903129951163
2024-05-02,8.27560276013901
2024-05-03,8.5622012712447
2024-05-06,8.885349066852108
2024-05-07,8.732405434444336
2024-05-08,8.718711981749507
2024-05-09,8.558152195404796
2024-05-10,8.667217819220566
2024-05-13,8.717459082417902
2024-05-14,8.80974617318467
2024-05-15,9.125467223754093
2024-05-16,9.099334691695253
2024-05-17,8.918039421412487
2024-05-20,9.139933052036877
2024-05-21,9.198371224861333
2024-05-22,9.156325397291903
2024-05-23,10.009664077053564
2024-05-24,10.267139311695912
2024-05-28,10.983830894355942
2024-05-29,11.07293414682122
2024-05-30,10.655861647320675
2024-05-31,10.5722542009235
2024-06-03,11.089811437817538
2024-06-04,11.228385051891413
2024-06-05,11.807273922066308
2024-06-06,11.668216836250355
2024-06-07,11.657609937908914
2024-06-10,11.744590631506533
2024-06-11,11.660689122266232
2024-06-12,12.074420802549033
2024-06-13,12.499725587657828
2024-06-14,12.718646898867886
2024-06-17,12.631850455171973
2024-06-18,13.075478524505677
2024-06-20,12.61256170146212
2024-06-21,12.206543459064362
2024-06-24,11.390652466325141
2024-06-25,12.160253987758827
2024-06-26,12.190149639810121
2024-06-27,11.9577257588034
2024-06-28,11.914329010954658
2024-07-01,11.98762509585273
2024-07-02,11.830423816716324
2024-07-03,12.371458176085808
2024-07-05,12.135178313136175
2024-07-08,12.363741053202732
2024-07-09,12.670426488592467
2024-07-10,13.010864294976018
2024-07-11,12.286591934360175
2024-07-12,12.464044488692949
2024-07-15,12.386889473853536
2024-07-16,12.186292183867993
2024-07-17,11.379079361499151
2024-07-18,11.678046937006203
2024-07-19,11.373293914585567
2024-07-22,11.914329010954658
2024-07-23,11.82270890483207
2024-07-24,11.018389542919625
2024-07-25,10.828400625274739
2024-07-26,10.903625438143875
2024-07-29,10.761857667774017
2024-07-30,10.003830725165535
2024-07-31,11.285531264405105
2024-08-01,10.5323279842233
2024-08-02,10.3452310530356
2024-08-05,9.687503860919302
2024-08-06,10.05397986341202
2024-08-07,9.538985174150916
2024-08-08,10.123417755368356
2024-08-09,10.102200273687439
2024-08-12,10.51400469999839
2024-08-13,11.200663548680255
2024-08-14,11.387761216867563
2024-08-15,11.84874857494045
2024-08-16,12.014626550448018
2024-08-19,12.53733615159338
2024-08-20,12.272125369077784
2024-08-21,12.39267492076712
2024-08-22,11.933616290665299
2024-08-23,12.476577904006634
2024-08-26,12.195935086723708
2024-08-27,12.373389115055692
2024-08-28,12.113961568454863
2024-08-29,11.340502591079051
2024-08-30,11.512169698498239
2024-09-03,10.415633677477272
2024-09-04,10.243004785571177
2024-09-05,10.339446343121622
2024-09-06,9.917033544470018
2024-09-09,10.268078986194615
2024-09-10,10.425276580332987
2024-09-11,11.274923629064057
2024-09-12,11.490970641807493
2024-09-13,11.487111711866152
2024-09-16,11.263349050238851
2024-09-17,11.148575364468213
2024-09-18,10.93445707969584
2024-09-19,11.368479833153778
2024-09-20,11.188119815372076
2024-09-23,11.21319696399394
2024-09-24,11.217823930501593
2024-09-25,11.135118338245686
2024-09-26,11.05588363274824
2024-09-27,10.871387424834843
2024-09-30,10.776536817687019
2024-10-01,10.707134085079474
2024-10-02,10.685734254668626
2024-10-03,10.523794839418896
2024-10-04,10.786946830451518
2024-10-07,10.456705148813365
2024-10-08,10.567749697486162
2024-10-09,10.709447127081487
2024-10-10,10.795043801214005
2024-10-11,10.920548171787983
2024-10-14,10.84651759016916
2024-10-15,10.85519348330987
2024-10-16,10.808924700736965
2024-10-17,10.845939550294561
2024-10-18,10.930380144677887
2024-10-21,10.93500711118554
2024-10-22,10.971443038364917
2024-10-23,10.682843172792014
2024-10-24,10.779428782067257
2024-10-25,10.863290454072356
2024-10-28,10.8956783371223
2024-10-29,11.03679772684303
2024-10-30,11.146685313263008
2024-10-31,10.780584861816449
2024-11-01,11.447431076231451
2024-11-04,11.323084550413917
2024-11-05,11.538233639249844
2024-11-06,11.97720682755878
2024-11-07,12.148401058327442
2024-11-08,12.040247591531255
2024-11-11,11.962747888161223
2024-11-12,12.082468329974729
2024-11-13,12.382636053068575
2024-11-14,12.23110576807972
2024-11-15,11.718102880655588
2024-11-18,11.665472129447615
2024-11-19,11.833774395836038
2024-11-20,11.733718782305965
2024-11-21,11.473457873149954
2024-11-22,11.400584253783949
2024-11-25,11.651013190050058
2024-11-26,12.021740608004269
2024-11-27,11.899129084314152
2024-11-29,12.023475610131685
2024-12-02,12.186572870137859
2024-12-03,12.344464241258159
2024-12-04,12.617449087684308
2024-12-05,12.7556765130248
2024-12-06,13.130451975108443
2024-12-09,13.076086221773052
2024-12-10,13.015358499802591
2024-12-11,13.317261225023854
2024-12-12,13.242653486034058
2024-12-13,13.155321809774124
2024-12-16,13.47168259188932
2024-12-17,13.368735013979007
2024-12-18,12.753941510897384
2024-12-19,12.914145924019696
2024-12-20,13.008418491292922
2024-12-23,13.016515462055409
2024-12-24,13.24728045254171
2024-12-26,13.13160893736126
2024-12-27,12.940750760812795
2024-12-30,12.79905333121747
2024-12-31,12.68858682241927
2025-01-02,12.736590607119592
2025-01-03,12.966198635353074
2025-01-06,13.163996820411208
2025-01-07,12.84590015366497
2025-01-08,12.84705711591779
2025-01-10,12.662560908004393
2025-01-13,12.634799991462101
2025-01-14,12.594314255146044
2025-01-15,12.917616810778156
2025-01-16,12.76203848165987
2025-01-17,13.067411211135967
2025-01-21,13.343288021942355
2025-01-22,13.59198107357742
2025-01-23,13.615693945990284
2025-01-24,13.58272802306574
2025-01-27,13.615693945990284
2025-01-28,13.773585317110582
2025-01-29,13.71112347551633
2025-01-30,13.570582125670198
2025-01-31,13.746402440442886
2025-02-03,13.731365461170732
2025-02-04,13.999723341089231
2025-02-05,13.659070764182953
2025-02-06,13.812914091173818
2025-02-07,13.253063498798559
2025-02-10,13.483828489284859
2025-02-11,13.461850618999415
2025-02-12,13.24033956152842
2025-02-13,13.323623193658923
2025-02-14,13.225880622130864
2025-02-18,13.108474104822996
2025-02-19,13.107318025073802
2025-02-20,12.89043393411046
2025-02-21,12.526068484791319
2025-02-24,12.302244385318307
2025-02-25,12.307449391700558
2025-02-26,12.397094992466132
2025-02-27,12.072636357084825
2025-02-28,12.277374550652626
2025-03-03,11.8574872682489
2025-03-04,11.786927573388535
2025-03-05,12.050658486799382
2025-03-06,11.607636371857389
2025-03-07,11.523774699852288
2025-03-10,11.251367893300733
2025-03-11,11.36993137286142
2025-03-12,11.502953791819662
2025-03-13,11.213775003868538
2025-03-14,11.44858803848427
2025-03-17,11.320771508411903
2025-03-18,11.151891202148882
2025-03-19,11.309203650890959
2025-03-20,11.275080765713595
2025-03-21,11.347954385079598
2025-03-24,11.755695770087785
2025-03-25,11.685980580281697
2025-03-26,11.014973357922512
2025-03-27,10.789368079535816
2025-03-28,10.618953499904135
2025-03-31,10.49404687158083
2025-04-01,10.665430539695594
2025-04-02,10.691572256348476
2025-04-03,9.856930374928206
2025-04-04,9.131699323010485
2025-04-07,9.454130596339235
2025-04-08,9.324384443698108
2025-04-09,11.07016405667753
2025-04-10,10.415617283048983
2025-04-11,10.740954342302588
2025-04-14,10.719652149967526
2025-04-15,10.863923533421923
2025-04-16,10.117392508455746
2025-04-17,9.826912304342983
2025-04-21,9.383449277098865
2025-04-22,9.575163829779003
2025-04-23,9.945041231382298
2025-04-24,10.305234406014545
2025-04-25,10.748701132069666
2025-04-28,10.527936117762989
2025-04-29,10.55601527161984
2025-04-30,10.546332524173193
2025-05-01,10.806796137225136
2025-05-02,11.086625245170369
2025-05-05,11.02078271048562
2025-05-06,10.993671905349654
2025-05-07,11.33450032485081
2025-05-08,11.364517655673831
2025-05-09,11.294801726105545
2025-05-12,11.909649161226625
2025-05-13,12.580656383585811
2025-05-14,13.104486436565747
2025-05-15,13.055104350611634
2025-05-16,13.110296528891052
2025-05-19,13.126757717383892
2025-05-20,13.011535316031633
2025-05-21,12.76172205938502
2025-05-22,12.861453840251928
2025-05-23,12.712338493906508
2025-05-27,13.119978536575498
2025-05-28,13.053170612218668
2025-05-29,13.477268884331695
2025-05-30,13.084153332713772
2025-06-02,13.302014780382194
2025-06-03,13.673826660140655
2025-06-04,13.741603672980572
2025-06-05,13.554730863904858
2025-06-06,13.722239657611683
2025-06-09,13.810352733352376
2025-06-10,13.93913201679702
2025-06-11,13.830676960057941
2025-06-12,14.040806413203304
2025-06-13,13.747400449586264
2025-06-16,14.01078686309368
2025-06-17,13.955591725765457
2025-06-18,14.087284192756963
2025-06-20,13.929447050063773
2025-06-23,13.960434209132082
2025-06-24,14.32162014463784
2025-06-25,14.94232353734068
2025-06-26,15.011072597712486
2025-06-27,15.275428099702987
2025-06-30,15.29866994852862
2025-07-01,14.844521056293534
2025-07-02,15.227010663658755
2025-07-03,15.42939332703704
2025-07-07,15.322877926788534
2025-07-08,15.493302863091024
2025-07-09,15.772182856132595
2025-07-10,15.890318441031717
2025-07-11,15.969720077095452
2025-07-14,15.88741265510686
2025-07-15,16.52941676062036
2025-07-16,16.59429538515743
2025-07-17,16.752134007375023
2025-07-18,16.695003652129433
2025-07-21,16.595264473640515
2025-07-22,16.17404091743991
2025-07-23,16.537163550387437
2025-07-24,16.823790333196083
2025-07-25,16.800551443419256
2025-07-28,17.115258119846953
2025-07-29,16.99518435798166
2025-07-30,17.359276079412275
2025-07-31,17.22371021753723
2025-08-01,16.821853635754316
2025-08-04,17.429966275799053
2025-08-05,17.261476557413932
2025-08-06,17.373802049987745
2025-08-07,17.50452690802057
2025-08-08,17.691414512340298
2025-08-11,17.629441673728085
2025-08-12,17.73595855350099
2025-08-13,17.5839285440843
2025-08-14,17.625568278844547
2025-08-15,17.47353974895226
2025-08-18,17.624597710837058
2025-08-19,17.007772151590963
2025-08-20,16.984533261814132
2025-08-21,16.943862615536975
2025-08-22,17.23533188171225
2025-08-25,17.411565430815642
2025-08-26,17.60136030058463
2025-08-27,17.58489911209179
2025-08-28,17.44642746429189
2025-08-29,16.866396197390607
2025-09-02,16.537163550387437
2025-09-03,16.521669970853285
2025-09-04,16.622376758300884
2025-09-05,16.173073308481225
2025-09-08,16.297986594664337
2025-09-09,16.53522685294567
2025-09-10,17.171420866133857
2025-09-11,17.15689637508279
2025-09-12,17.219839781702493
2025-09-15,17.213060600894103
2025-09-16,16.935134901091597
2025-09-17,16.49064434415053
2025-09-18,17.066836245229513
2025-09-19,17.108474500465352
2025-09-22,17.78053514419852
2025-09-23,17.788406212331914
2025-09-24,17.80782376858651
2025-09-25,17.639358429206787
2025-09-26,17.5569594429771
2025-09-29,17.208999283027257
2025-09-30,17.314489634885856
2025-10-01,17.49712998360505
2025-10-02,17.748519369212715
2025-10-03,17.758492287952635
2025-10-06,17.607341043607494
2025-10-07,17.655625625471835
2025-10-08,18.132692562907444
2025-10-09,18.10749934667201
2025-10-10,17.037381973044496
2025-10-13,18.720495620343755
2025-10-14,18.06078994480244
2025-10-15,18.438662418518074
2025-10-16,18.586664913487162
2025-10-17,18.333697126657736
2025-10-20,18.328974807900398
2025-10-21,17.983641558555338
2025-10-22,17.85978215982517
2025-10-23,18.069187683547586
2025-10-24,18.585616404104133
2025-10-27,19.001275480945935
2025-10-28,19.57438491149848
2025-10-29,20.257181952668702
2025-10-30,19.75807538021419
2025-10-31,19.399093792141404
2025-11-03,19.027515595950902
2025-11-04,18.47067819350388
2025-11-05,18.84015614970135
2025-11-06,18.662238119739495
2025-11-07,18.338946116026822
2025-11-10,18.809192105325554
2025-11-11,18.471728313500396
2025-11-12,18.642822174098388
2025-11-13,17.842986682334878
2025-11-14,17.973143579817158
2025-11-17,17.983114887943586
2025-11-18,17.870280138563345
2025-11-19,18.60083509098616
2025-11-20,18.201968270407665
2025-11-21,17.85453317045608
2025-11-24,19.83627066523083
2025-11-25,20.207322190809585
2025-11-26,20.86545268635612
2025-11-28,21.148331176337845
2025-12-01,20.262427720810805
2025-12-02,20.025735183313888
2025-12-03,19.975350361456513
2025-12-04,19.9973932177024
2025-12-05,20.480756043276628
2025-12-08,21.050715113839622
2025-12-09,21.323100456923644
2025-12-10,21.673682695637794
2025-12-11,21.327299326296217
2025-12-12,18.890012690333485
2025-12-15,17.834065494204967
2025-12-16,17.91226400044859
2025-12-17,17.110331489919034
2025-12-18,17.31291445489108
2025-12-19,17.862929298587733
2025-12-22,17.954426640431404
2025-12-23,18.368252839119776
2025-12-24,18.415577495343133
2025-12-26,18.51601052083814
2025-12-29,18.371934701561546
2025-12-30,18.39612128436474
2025-12-31,18.198937095816493
2026-01-02,18.27886056910961
2026-01-05,18.058014857756433
2026-01-06,18.07641772751133
2026-01-07,18.062220169582975
2026-01-08,17.48275686880611
2026-01-09,18.139516732271307
2026-01-12,18.52021744327817
2026-01-13,18.646415452798124
2026-01-14,17.872398095304785
2026-01-15,18.036980245556283
2026-01-16,18.493925788641473
2026-01-20,17.489067252466157
2026-01-21,17.289251321472655
2026-01-22,17.115201985117597
2026-01-23,16.829152197170938
2026-01-26,17.08154982682434
2026-01-27,17.499057887954482
2026-01-28,17.522719410759414
2026-01-29,17.390737688191162
2026-01-30,17.42070798404265
2026-02-02,17.41071734855432
2026-02-03,16.84387320448406
2026-02-04,16.198157317730686
2026-02-05,16.32751212969416
2026-02-06,17.505894942226277
2026-02-09,18.085356632389647
2026-02-10,17.90131666054626
2026-02-11,18.023309358239676
2026-02-12,17.413874150997838
2026-02-13,17.09837590597097
2026-02-17,17.48591206063613
2026-02-18,17.53691696868777
2026-02-19,17.562155282100967
2026-02-20,17.49169577368443
2026-02-23,17.370229746602764
2026-02-24,17.115201985117597
2026-02-25,17.473817963927793
2026-02-26,16.915912724735847
2026-02-27,16.80286054253424
2026-03-02,16.7644747911892
2026-03-03,16.502613196659226
2026-03-04,16.696642193377446
2026-03-05,17.498004546730982
2026-03-06,17.377591860872815
2026-03-09,18.180532615448108
2026-03-10,18.01384378274961
2026-03-11,17.96073541347796
2026-03-12,17.66627178065124
2026-03-13,16.94010252876602
2026-03-16,17.08523168926611
2026-03-17,16.895406393760936
2026-03-18,16.612510187030807
2026-03-19,16.818109831072604
2026-03-20,16.32751212969416
2026-03-23,16.99408062932313
2026-03-24,16.951507270907502
2026-03-25,17.288215636254158
2026-03-26,16.568358869868018
2026-03-27,16.208428269543482
2026-03-30,15.981054047237619
2026-03-31,16.874104255244166
2026-04-01,17.004724338448945
2026-04-02,17.16340148131576
2026-04-06,17.18759038561294
2026-04-07,17.232098560754814
2026-04-08,17.61718473469583
2026-04-09,17.794246331681087
2026-04-10,18.250931071106706
2026-04-13,18.316723708324922
2026-04-14,19.013361195908473
2026-04-15,19.241703565621282
2026-04-16,19.19139094030067
2026-04-17,19.513584484981376
2026-04-20,19.55035191513062
2026-04-21,19.339427330216953
2026-04-22,19.592925273546246
2026-04-23,19.316205095239074
2026-04-24,20.151201932932384
2026-04-27,20.958140232876023
2026-04-28,20.625302979069502
2026-04-29,20.246022733394867
2026-04-30,19.30943249765339
2026-05-01,19.201066502019547
2026-05-04,19.20396798806509
2026-05-05,19.012393048501526
2026-05-06,20.1086300526044
2026-05-07,20.463721393981857
2026-05-08,20.821715699492504
2026-05-11,21.231957447050004
2026-05-12,21.361609382847842
2026-05-13,21.850223771563268
2026-05-14,22.80906809487568
2026-05-15,21.800879293649604
2026-05-18,21.510613920171068
2026-05-19,21.345161223543286
2026-05-20,21.62188140185046
2026-05-21,21.238730044635684
2026-05-22,20.834294225344568
2026-05-26,20.788819380883396
2026-05-27,20.570152572889455
2026-05-28,20.729797863163213
2026-05-29,20.4288902586465
2026-06-01,21.70799330991337
2026-06-02,21.558990250677788
2026-06-03,20.778175671757577
2026-06-04,21.181146706193303
2026-06-05,19.867617515605588
2026-06-08,20.210529414794912
2026-06-09,20.16693913208008
2026-06-10,19.414274732343486
2026-06-11,19.845336822457057
2026-06-12,19.876335276531023
2026-06-15,20.57959607484819
2026-06-16,20.091382247884336
2026-06-17,19.824025754803117
2026-06-18,20.4091090117043
2026-06-22,20.211497562201856
2026-06-23,19.37746443765256
2026-06-24,19.27672241808745
2026-06-25,18.960933427169024
2026-06-26,18.64998665137297
2026-06-29,18.886344690380227
2026-06-30,19.382308130862572
2026-07-01,19.13917010383141
2026-07-02,18.872783236244775
2026-07-06,18.942528279823563
2026-07-07,19.076205048276528
2026-07-08,19.77268585856979
2026-07-09,19.642883157832248
2026-07-10,20.435263772568252
2026-07-13,19.715534121719514
2026-07-14,20.516632497380954
2026-07-15,20.584439768058203
2026-07-16,20.09041262238975
2026-07-17,19.64578907814073
2026-07-20,19.691317133757092
2026-07-21,20.07975708856278
2026-07-22,20.54181763275032
2026-07-23,20.22215309602883
2026-07-24,20.036166805847948
2026-07-27,19.03552068587018
2026-07-28,19.08395466179502
2026-07-29,18.40587899884722
2026-07-30,18.893124678404128
2026-07-31,19.446241333824396
2026-08-03,20.01679351109554
2026-08-04,20.530193951516406
2026-08-05,21.235392522735104
2026-08-06,21.213113307674217
2026-08-07,21.694547146614166
2026-08-10,21.073623220516648
2026-08-11,21.068779527306635
2026-08-12,21.707138975255027
